state,updatedon,totaltested,positive
Andaman and Nicobar Islands,17/04/2020,1403,12
Andaman and Nicobar Islands,24/04/2020,2679,27
Andaman and Nicobar Islands,27/04/2020,2848,33
Andaman and Nicobar Islands,01/05/2020,3754,33
Andaman and Nicobar Islands,16/05/2020,6677,33
Andaman and Nicobar Islands,19/05/2020,6965,33
Andaman and Nicobar Islands,20/05/2020,7082,33
Andaman and Nicobar Islands,21/05/2020,7167,33
Andaman and Nicobar Islands,22/05/2020,7263,33
Andaman and Nicobar Islands,23/05/2020,7327,33
Andaman and Nicobar Islands,24/05/2020,7327,33
Andaman and Nicobar Islands,25/05/2020,7363,33
Andaman and Nicobar Islands,26/05/2020,7448,33
Andaman and Nicobar Islands,27/05/2020,7499,33
Andaman and Nicobar Islands,28/05/2020,7519,33
Andaman and Nicobar Islands,29/05/2020,7567,33
Andaman and Nicobar Islands,30/05/2020,7567,33
Andaman and Nicobar Islands,31/05/2020,7706,33
Andaman and Nicobar Islands,01/06/2020,7805,33
Andaman and Nicobar Islands,02/06/2020,8086,33
Andaman and Nicobar Islands,03/06/2020,8295,33
Andaman and Nicobar Islands,04/06/2020,8413,33
Andaman and Nicobar Islands,05/06/2020,8694,33
Andaman and Nicobar Islands,06/06/2020,9037,33
Andaman and Nicobar Islands,07/06/2020,9242,33
Andaman and Nicobar Islands,08/06/2020,9341,33
Andaman and Nicobar Islands,09/06/2020,9859,33
Andaman and Nicobar Islands,10/06/2020,10010,35
Andaman and Nicobar Islands,11/06/2020,10226,38
Andaman and Nicobar Islands,12/06/2020,10697,38
Andaman and Nicobar Islands,13/06/2020,10955,38
Andaman and Nicobar Islands,14/06/2020,11356,38
Andaman and Nicobar Islands,15/06/2020,11518,41
Andaman and Nicobar Islands,16/06/2020,11809,44
Andaman and Nicobar Islands,17/06/2020,12239,44
Andaman and Nicobar Islands,18/06/2020,12622,45
Andaman and Nicobar Islands,19/06/2020,12930,47
Andaman and Nicobar Islands,20/06/2020,13320,47
Andaman and Nicobar Islands,21/06/2020,13434,48
Andaman and Nicobar Islands,22/06/2020,13511,48
Andaman and Nicobar Islands,23/06/2020,13723,50
Andaman and Nicobar Islands,24/06/2020,13994,56
Andaman and Nicobar Islands,25/06/2020,14277,59
Andaman and Nicobar Islands,26/06/2020,14583,72
Andhra Pradesh,02/04/2020,1800,132
Andhra Pradesh,10/04/2020,6374,365
Andhra Pradesh,11/04/2020,6958,381
Andhra Pradesh,12/04/2020,6958,405
Andhra Pradesh,13/04/2020,8755,432
Andhra Pradesh,14/04/2020,10505,473
Andhra Pradesh,15/04/2020,11613,525
Andhra Pradesh,16/04/2020,20235,534
Andhra Pradesh,17/04/2020,20235,572
Andhra Pradesh,18/04/2020,21450,603
Andhra Pradesh,19/04/2020,26958,647
Andhra Pradesh,20/04/2020,30733,722
Andhra Pradesh,21/04/2020,35755,757
Andhra Pradesh,22/04/2020,41512,813
Andhra Pradesh,23/04/2020,48032,893
Andhra Pradesh,24/04/2020,54338,955
Andhra Pradesh,25/04/2020,61266,1016
Andhra Pradesh,26/04/2020,68034,1097
Andhra Pradesh,27/04/2020,74551,1177
Andhra Pradesh,28/04/2020,80334,1259
Andhra Pradesh,29/04/2020,88061,1332
Andhra Pradesh,30/04/2020,94558,1403
Andhra Pradesh,01/05/2020,102460,1463
Andhra Pradesh,02/05/2020,108403,1525
Andhra Pradesh,03/05/2020,114937,1583
Andhra Pradesh,04/05/2020,125229,1650
Andhra Pradesh,05/05/2020,133492,1717
Andhra Pradesh,06/05/2020,141274,1777
Andhra Pradesh,07/05/2020,149361,1833
Andhra Pradesh,08/05/2020,156681,1887
Andhra Pradesh,09/05/2020,165069,1930
Andhra Pradesh,10/05/2020,173735,1980
Andhra Pradesh,11/05/2020,181144,2018
Andhra Pradesh,12/05/2020,191874,2051
Andhra Pradesh,13/05/2020,201196,2137
Andhra Pradesh,14/05/2020,210452,2100
Andhra Pradesh,15/05/2020,219490,2157
Andhra Pradesh,17/05/2020,238998,2230
Andhra Pradesh,18/05/2020,248771,2282
Andhra Pradesh,19/05/2020,258450,2339
Andhra Pradesh,20/05/2020,267612,2407
Andhra Pradesh,21/05/2020,275704,2452
Andhra Pradesh,22/05/2020,284119,2514
Andhra Pradesh,23/05/2020,292969,2561
Andhra Pradesh,24/05/2020,304326,2627
Andhra Pradesh,25/05/2020,314566,2671
Andhra Pradesh,26/05/2020,322714,2719
Andhra Pradesh,27/05/2020,332378,2787
Andhra Pradesh,28/05/2020,342236,2841
Andhra Pradesh,29/05/2020,353874,2874
Andhra Pradesh,30/05/2020,363378,2944
Andhra Pradesh,31/05/2020,372748,3045
Andhra Pradesh,01/06/2020,383315,3118
Andhra Pradesh,02/06/2020,395681,3200
Andhra Pradesh,03/06/2020,403747,3279
Andhra Pradesh,04/06/2020,413733,3377
Andhra Pradesh,05/06/2020,423564,3427
Andhra Pradesh,06/06/2020,436335,3588
Andhra Pradesh,07/06/2020,454030,3718
Andhra Pradesh,08/06/2020,468276,3843
Andhra Pradesh,09/06/2020,483361,3990
Andhra Pradesh,10/06/2020,498716,4126
Andhra Pradesh,11/06/2020,510318,4261
Andhra Pradesh,12/06/2020,522093,4402
Andhra Pradesh,13/06/2020,536570,4588
Andhra Pradesh,14/06/2020,552202,4841
Andhra Pradesh,15/06/2020,567375,5087
Andhra Pradesh,16/06/2020,583286,5280
Andhra Pradesh,17/06/2020,598474,5555
Andhra Pradesh,18/06/2020,612397,5854
Andhra Pradesh,19/06/2020,630006,7961
Andhra Pradesh,20/06/2020,652377,8452
Andhra Pradesh,21/06/2020,676828,8929
Andhra Pradesh,22/06/2020,693548,9372
Andhra Pradesh,23/06/2020,714187,9834
Andhra Pradesh,24/06/2020,750234,10331
Andhra Pradesh,25/06/2020,769319,10884
Andhra Pradesh,26/06/2020,791624,11489
Andhra Pradesh,27/06/2020,816082,12285
Arunachal Pradesh,09/04/2020,206,1
Arunachal Pradesh,14/04/2020,280,1
Arunachal Pradesh,17/04/2020,363,1
Arunachal Pradesh,18/04/2020,389,1
Arunachal Pradesh,20/04/2020,439,1
Arunachal Pradesh,21/04/2020,454,1
Arunachal Pradesh,22/04/2020,496,2
Arunachal Pradesh,24/04/2020,526,2
Arunachal Pradesh,26/04/2020,568,2
Arunachal Pradesh,27/04/2020,584,2
Arunachal Pradesh,28/04/2020,610,2
Arunachal Pradesh,29/04/2020,662,2
Arunachal Pradesh,30/04/2020,694,2
Arunachal Pradesh,01/05/2020,724,2
Arunachal Pradesh,03/05/2020,810,2
Arunachal Pradesh,04/05/2020,869,2
Arunachal Pradesh,05/05/2020,970,2
Arunachal Pradesh,06/05/2020,1039,2
Arunachal Pradesh,07/05/2020,1144,2
Arunachal Pradesh,08/05/2020,1354,2
Arunachal Pradesh,09/05/2020,1597,2
Arunachal Pradesh,10/05/2020,1823,2
Arunachal Pradesh,11/05/2020,2078,2
Arunachal Pradesh,12/05/2020,2257,2
Arunachal Pradesh,13/05/2020,2483,2
Arunachal Pradesh,14/05/2020,2677,2
Arunachal Pradesh,15/05/2020,2942,2
Arunachal Pradesh,16/05/2020,3163,2
Arunachal Pradesh,17/05/2020,3349,2
Arunachal Pradesh,18/05/2020,3662,2
Arunachal Pradesh,19/05/2020,3941,2
Arunachal Pradesh,20/05/2020,4157,2
Arunachal Pradesh,21/05/2020,4438,2
Arunachal Pradesh,22/05/2020,4844,2
Arunachal Pradesh,23/05/2020,5206,2
Arunachal Pradesh,24/05/2020,5428,2
Arunachal Pradesh,25/05/2020,5997,2
Arunachal Pradesh,26/05/2020,6319,2
Arunachal Pradesh,27/05/2020,6436,2
Arunachal Pradesh,28/05/2020,6984,3
Arunachal Pradesh,29/05/2020,7488,3
Arunachal Pradesh,30/05/2020,8017,4
Arunachal Pradesh,31/05/2020,8283,4
Arunachal Pradesh,01/06/2020,8768,22
Arunachal Pradesh,02/06/2020,9079,28
Arunachal Pradesh,03/06/2020,9551,38
Arunachal Pradesh,04/06/2020,10025,43
Arunachal Pradesh,05/06/2020,10790,46
Arunachal Pradesh,06/06/2020,11261,49
Arunachal Pradesh,07/06/2020,11516,51
Arunachal Pradesh,08/06/2020,12012,57
Arunachal Pradesh,09/06/2020,12455,57
Arunachal Pradesh,10/06/2020,13035,61
Arunachal Pradesh,11/06/2020,13479,67
Arunachal Pradesh,12/06/2020,14047,87
Arunachal Pradesh,13/06/2020,14518,88
Arunachal Pradesh,15/06/2020,15453,95
Arunachal Pradesh,16/06/2020,16158,99
Arunachal Pradesh,17/06/2020,16630,103
Arunachal Pradesh,18/06/2020,16630,103
Arunachal Pradesh,19/06/2020,18008,135
Arunachal Pradesh,20/06/2020,18521,135
Arunachal Pradesh,21/06/2020,19154,139
Arunachal Pradesh,22/06/2020,19799,148
Arunachal Pradesh,23/06/2020,20398,158
Arunachal Pradesh,24/06/2020,20938,160
Arunachal Pradesh,25/06/2020,21274,172
Arunachal Pradesh,26/06/2020,21890,174
Arunachal Pradesh,27/06/2020,22623,177
Assam,02/04/2020,962,16
Assam,10/04/2020,2863,29
Assam,11/04/2020,3011,29
Assam,12/04/2020,3138,29
Assam,14/04/2020,3491,31
Assam,15/04/2020,3613,32
Assam,16/04/2020,4108,34
Assam,17/04/2020,4236,34
Assam,18/04/2020,4400,34
Assam,19/04/2020,4865,34
Assam,20/04/2020,5112,34
Assam,21/04/2020,5514,34
Assam,24/04/2020,6680,35
Assam,25/04/2020,7159,35
Assam,26/04/2020,7823,35
Assam,27/04/2020,8117,35
Assam,29/04/2020,9520,37
Assam,01/05/2020,,
Assam,02/05/2020,11623,42
Assam,04/05/2020,12775,42
Assam,05/05/2020,13442,43
Assam,09/05/2020,16167,59
Assam,10/05/2020,18002,62
Assam,11/05/2020,19589,64
Assam,12/05/2020,21791,64
Assam,14/05/2020,25824,86
Assam,15/05/2020,28178,86
Assam,16/05/2020,31276,91
Assam,17/05/2020,34376,97
Assam,18/05/2020,37898,106
Assam,19/05/2020,41116,141
Assam,20/05/2020,47084,170
Assam,21/05/2020,51730,203
Assam,22/05/2020,55791,259
Assam,23/05/2020,60405,329
Assam,24/05/2020,66444,378
Assam,25/05/2020,70029,526
Assam,26/05/2020,72654,616
Assam,29/05/2020,92390,1024
Assam,30/05/2020,101257,1185
Assam,31/05/2020,109097,1272
Assam,02/06/2020,120375,1513
Assam,03/06/2020,126726,1672
Assam,04/06/2020,133029,1988
Assam,06/06/2020,146605,2397
Assam,07/06/2020,153326,2565
Assam,09/06/2020,169842,2937
Assam,11/06/2020,181108,3319
Assam,12/06/2020,188090,3498
Assam,15/06/2020,217088,4158
Assam,16/06/2020,227109,4319
Assam,17/06/2020,235214,4605
Assam,18/06/2020,246590,4861
Assam,19/06/2020,258797,4904
Assam,20/06/2020,273047,5006
Assam,21/06/2020,288306,5388
Assam,22/06/2020,301557,5586
Assam,23/06/2020,323258,5853
Assam,24/06/2020,336091,6282
Assam,25/06/2020,351753,6646
Assam,26/06/2020,362713,6646
Assam,27/06/2020,374519,6919
Bihar,05/04/2020,3037,32
Bihar,08/04/2020,4596,38
Bihar,09/04/2020,4991,43
Bihar,10/04/2020,5457,60
Bihar,11/04/2020,6250,61
Bihar,12/04/2020,6703,64
Bihar,13/04/2020,7263,65
Bihar,14/04/2020,7727,62
Bihar,15/04/2020,8263,66
Bihar,16/04/2020,8846,72
Bihar,17/04/2020,9486,83
Bihar,18/04/2020,10130,85
Bihar,19/04/2020,10745,92
Bihar,20/04/2020,11319,96
Bihar,21/04/2020,11999,115
Bihar,22/04/2020,12978,136
Bihar,23/04/2020,13785,148
Bihar,24/04/2020,14924,176
Bihar,25/04/2020,15885,238
Bihar,26/04/2020,17041,255
Bihar,27/04/2020,18179,328
Bihar,28/04/2020,19790,346
Bihar,29/04/2020,21180,383
Bihar,30/04/2020,22672,409
Bihar,01/05/2020,24118,466
Bihar,02/05/2020,25724,476
Bihar,03/05/2020,26951,485
Bihar,04/05/2020,28345,525
Bihar,05/05/2020,28791,529
Bihar,06/05/2020,29328,539
Bihar,07/05/2020,29841,547
Bihar,08/05/2020,30320,564
Bihar,09/05/2020,31552,585
Bihar,10/05/2020,32670,653
Bihar,11/05/2020,34662,714
Bihar,12/05/2020,37430,796
Bihar,13/05/2020,39149,909
Bihar,14/05/2020,40782,970
Bihar,15/05/2020,42645,1010
Bihar,16/05/2020,44340,1083
Bihar,17/05/2020,45729,1193
Bihar,18/05/2020,46996,1391
Bihar,19/05/2020,50563,1495
Bihar,20/05/2020,53361,1607
Bihar,21/05/2020,55692,1881
Bihar,22/05/2020,58481,2098
Bihar,23/05/2020,61220,2344
Bihar,24/05/2020,63741,2507
Bihar,26/05/2020,,
Bihar,27/05/2020,68262,3010
Bihar,28/05/2020,70275,3106
Bihar,29/05/2020,72256,3276
Bihar,30/05/2020,73929,3511
Bihar,31/05/2020,75737,3692
Bihar,01/06/2020,78090,3872
Bihar,02/06/2020,81413,4049
Bihar,03/06/2020,84729,4273
Bihar,04/06/2020,88313,4420
Bihar,05/06/2020,91903,4551
Bihar,06/06/2020,95473,4745
Bihar,07/06/2020,99108,4972
Bihar,08/06/2020,102318,5176
Bihar,09/06/2020,105588,5364
Bihar,10/06/2020,109483,5583
Bihar,11/06/2020,113225,5807
Bihar,12/06/2020,116671,6043
Bihar,13/06/2020,120086,6183
Bihar,14/06/2020,123629,6355
Bihar,15/06/2020,127126,6581
Bihar,16/06/2020,130783,6736
Bihar,17/06/2020,134402,6889
Bihar,18/06/2020,139584,6993
Bihar,19/06/2020,145562,7178
Bihar,20/06/2020,151148,7380
Bihar,21/06/2020,156926,7602
Bihar,22/06/2020,163476,7808
Bihar,23/06/2020,169401,7974
Bihar,24/06/2020,175103,8180
Bihar,25/06/2020,181737,8381
Bihar,26/06/2020,189643,8611
Bihar,27/06/2020,198385,8859
Chandigarh,02/04/2020,124,18
Chandigarh,08/04/2020,184,18
Chandigarh,10/04/2020,223,19
Chandigarh,11/04/2020,264,19
Chandigarh,12/04/2020,279,21
Chandigarh,13/04/2020,296,21
Chandigarh,14/04/2020,309,21
Chandigarh,15/04/2020,317,21
Chandigarh,16/04/2020,337,21
Chandigarh,17/04/2020,358,21
Chandigarh,18/04/2020,381,23
Chandigarh,19/04/2020,430,26
Chandigarh,20/04/2020,453,26
Chandigarh,21/04/2020,497,27
Chandigarh,22/04/2020,529,27
Chandigarh,23/04/2020,599,27
Chandigarh,24/04/2020,638,27
Chandigarh,25/04/2020,734,28
Chandigarh,26/04/2020,756,30
Chandigarh,27/04/2020,843,40
Chandigarh,28/04/2020,924,56
Chandigarh,29/04/2020,1012,67
Chandigarh,30/04/2020,1147,74
Chandigarh,01/05/2020,1252,88
Chandigarh,02/05/2020,1462,94
Chandigarh,03/05/2020,1616,97
Chandigarh,04/05/2020,1678,102
Chandigarh,05/05/2020,1713,115
Chandigarh,06/05/2020,1785,120
Chandigarh,07/05/2020,1845,129
Chandigarh,08/05/2020,1913,146
Chandigarh,09/05/2020,2055,169
Chandigarh,10/05/2020,2142,173
Chandigarh,11/05/2020,2177,173
Chandigarh,12/05/2020,2276,187
Chandigarh,13/05/2020,2420,189
Chandigarh,14/05/2020,2505,191
Chandigarh,15/05/2020,2586,191
Chandigarh,16/05/2020,2718,191
Chandigarh,17/05/2020,2812,191
Chandigarh,18/05/2020,2892,196
Chandigarh,19/05/2020,3031,199
Chandigarh,21/05/2020,3369,216
Chandigarh,22/05/2020,3531,219
Chandigarh,23/05/2020,3749,225
Chandigarh,24/05/2020,3904,238
Chandigarh,25/05/2020,4089,266
Chandigarh,26/05/2020,4207,278
Chandigarh,27/05/2020,4332,279
Chandigarh,28/05/2020,4467,289
Chandigarh,29/05/2020,4543,289
Chandigarh,30/05/2020,4654,289
Chandigarh,31/05/2020,4785,293
Chandigarh,01/06/2020,4816,294
Chandigarh,02/06/2020,4902,301
Chandigarh,03/06/2020,4977,301
Chandigarh,04/06/2020,5059,302
Chandigarh,05/06/2020,5121,309
Chandigarh,06/06/2020,5237,309
Chandigarh,07/06/2020,5312,314
Chandigarh,08/06/2020,5385,318
Chandigarh,10/06/2020,5532,328
Chandigarh,11/06/2020,5636,332
Chandigarh,12/06/2020,5708,334
Chandigarh,13/06/2020,5839,345
Chandigarh,14/06/2020,5937,350
Chandigarh,15/06/2020,6027,357
Chandigarh,16/06/2020,6115,358
Chandigarh,17/06/2020,6233,368
Chandigarh,18/06/2020,6315,373
Chandigarh,19/06/2020,6438,375
Chandigarh,20/06/2020,6578,390
Chandigarh,21/06/2020,6677,404
Chandigarh,22/06/2020,6745,410
Chandigarh,23/06/2020,6840,415
Chandigarh,24/06/2020,6981,420
Chandigarh,25/06/2020,7072,423
Chandigarh,26/06/2020,7201,424
Chandigarh,27/06/2020,7342,427
Chhattisgarh,02/04/2020,1232,9
Chhattisgarh,10/04/2020,3473,18
Chhattisgarh,11/04/2020,3858,18
Chhattisgarh,12/04/2020,3945,31
Chhattisgarh,13/04/2020,4377,31
Chhattisgarh,14/04/2020,4812,33
Chhattisgarh,15/04/2020,5122,33
Chhattisgarh,16/04/2020,5519,33
Chhattisgarh,17/04/2020,5776,36
Chhattisgarh,18/04/2020,5776,36
Chhattisgarh,19/04/2020,6675,36
Chhattisgarh,20/04/2020,7601,36
Chhattisgarh,21/04/2020,8272,36
Chhattisgarh,22/04/2020,9220,36
Chhattisgarh,23/04/2020,10346,36
Chhattisgarh,24/04/2020,11386,36
Chhattisgarh,25/04/2020,12596,37
Chhattisgarh,26/04/2020,13786,37
Chhattisgarh,27/04/2020,14987,37
Chhattisgarh,28/04/2020,15737,38
Chhattisgarh,29/04/2020,16546,38
Chhattisgarh,30/04/2020,17541,40
Chhattisgarh,01/05/2020,18039,43
Chhattisgarh,03/05/2020,19902,57
Chhattisgarh,05/05/2020,21323,58
Chhattisgarh,06/05/2020,22188,59
Chhattisgarh,08/05/2020,23629,59
Chhattisgarh,09/05/2020,24506,59
Chhattisgarh,10/05/2020,25282,59
Chhattisgarh,12/05/2020,27339,59
Chhattisgarh,13/05/2020,28837,59
Chhattisgarh,14/05/2020,29697,59
Chhattisgarh,15/05/2020,31341,66
Chhattisgarh,16/05/2020,32678,67
Chhattisgarh,18/05/2020,36606,93
Chhattisgarh,19/05/2020,39010,100
Chhattisgarh,21/05/2020,45522,128
Chhattisgarh,22/05/2020,48116,172
Chhattisgarh,23/05/2020,49763,214
Chhattisgarh,25/05/2020,55022,292
Chhattisgarh,26/05/2020,57479,360
Chhattisgarh,27/05/2020,59320,364
Chhattisgarh,28/05/2020,61771,398
Chhattisgarh,29/05/2020,63992,415
Chhattisgarh,30/05/2020,66417,447
Chhattisgarh,31/05/2020,69152,492
Chhattisgarh,01/06/2020,70726,539
Chhattisgarh,02/06/2020,73198,556
Chhattisgarh,03/06/2020,76446,626
Chhattisgarh,04/06/2020,78971,756
Chhattisgarh,05/06/2020,81773,863
Chhattisgarh,06/06/2020,85346,923
Chhattisgarh,07/06/2020,88896,1073
Chhattisgarh,08/06/2020,92598,1160
Chhattisgarh,09/06/2020,93059,1211
Chhattisgarh,10/06/2020,94576,1262
Chhattisgarh,11/06/2020,96230,1398
Chhattisgarh,12/06/2020,98603,1429
Chhattisgarh,13/06/2020,101554,1512
Chhattisgarh,14/06/2020,103895,1549
Chhattisgarh,15/06/2020,107172,1715
Chhattisgarh,16/06/2020,110062,1784
Chhattisgarh,17/06/2020,113613,1864
Chhattisgarh,18/06/2020,116329,1946
Chhattisgarh,19/06/2020,120523,2018
Chhattisgarh,20/06/2020,123983,2076
Chhattisgarh,21/06/2020,126246,2273
Chhattisgarh,22/06/2020,129731,2302
Chhattisgarh,23/06/2020,133753,2356
Chhattisgarh,24/06/2020,137400,2419
Chhattisgarh,25/06/2020,142090,2456
Chhattisgarh,26/06/2020,144828,2545
Dadra and Nagar Haveli and Daman and Diu,09/04/2020,80,0
Dadra and Nagar Haveli and Daman and Diu,10/04/2020,130,0
Dadra and Nagar Haveli and Daman and Diu,11/04/2020,211,0
Dadra and Nagar Haveli and Daman and Diu,15/04/2020,356,0
Dadra and Nagar Haveli and Daman and Diu,16/04/2020,382,0
Dadra and Nagar Haveli and Daman and Diu,21/04/2020,474,0
Dadra and Nagar Haveli and Daman and Diu,22/04/2020,674,0
Dadra and Nagar Haveli and Daman and Diu,23/04/2020,913,0
Dadra and Nagar Haveli and Daman and Diu,25/04/2020,1386,0
Dadra and Nagar Haveli and Daman and Diu,26/04/2020,1901,0
Dadra and Nagar Haveli and Daman and Diu,27/04/2020,2379,0
Dadra and Nagar Haveli and Daman and Diu,29/04/2020,2921,0
Dadra and Nagar Haveli and Daman and Diu,30/04/2020,3464,0
Dadra and Nagar Haveli and Daman and Diu,01/05/2020,4003,0
Dadra and Nagar Haveli and Daman and Diu,03/05/2020,4328,0
Dadra and Nagar Haveli and Daman and Diu,04/05/2020,4434,0
Dadra and Nagar Haveli and Daman and Diu,05/05/2020,4781,1
Dadra and Nagar Haveli and Daman and Diu,06/05/2020,4967,1
Dadra and Nagar Haveli and Daman and Diu,07/05/2020,5272,1
Dadra and Nagar Haveli and Daman and Diu,08/05/2020,5430,1
Dadra and Nagar Haveli and Daman and Diu,10/05/2020,5581,1
Dadra and Nagar Haveli and Daman and Diu,11/05/2020,5763,1
Dadra and Nagar Haveli and Daman and Diu,12/05/2020,5977,1
Dadra and Nagar Haveli and Daman and Diu,13/05/2020,6294,1
Dadra and Nagar Haveli and Daman and Diu,14/05/2020,6554,1
Dadra and Nagar Haveli and Daman and Diu,15/05/2020,6916,1
Dadra and Nagar Haveli and Daman and Diu,17/05/2020,7157,1
Dadra and Nagar Haveli and Daman and Diu,18/05/2020,7571,1
Dadra and Nagar Haveli and Daman and Diu,19/05/2020,7829,1
Dadra and Nagar Haveli and Daman and Diu,20/05/2020,8137,1
Dadra and Nagar Haveli and Daman and Diu,21/05/2020,8456,1
Dadra and Nagar Haveli and Daman and Diu,22/05/2020,8979,1
Dadra and Nagar Haveli and Daman and Diu,23/05/2020,9298,2
Dadra and Nagar Haveli and Daman and Diu,24/05/2020,9678,2
Dadra and Nagar Haveli and Daman and Diu,25/05/2020,10085,2
Dadra and Nagar Haveli and Daman and Diu,26/05/2020,10388,2
Dadra and Nagar Haveli and Daman and Diu,27/05/2020,10872,2
Dadra and Nagar Haveli and Daman and Diu,28/05/2020,11177,2
Dadra and Nagar Haveli and Daman and Diu,29/05/2020,11477,2
Dadra and Nagar Haveli and Daman and Diu,01/06/2020,11693,3
Dadra and Nagar Haveli and Daman and Diu,03/06/2020,12064,12
Dadra and Nagar Haveli and Daman and Diu,04/06/2020,12375,14
Dadra and Nagar Haveli and Daman and Diu,05/06/2020,13667,14
Dadra and Nagar Haveli and Daman and Diu,06/06/2020,14780,19
Dadra and Nagar Haveli and Daman and Diu,07/06/2020,15546,20
Dadra and Nagar Haveli and Daman and Diu,08/06/2020,16277,22
Dadra and Nagar Haveli and Daman and Diu,10/06/2020,17179,27
Dadra and Nagar Haveli and Daman and Diu,13/06/2020,17649,28
Dadra and Nagar Haveli and Daman and Diu,14/06/2020,18445,31
Dadra and Nagar Haveli and Daman and Diu,15/06/2020,23835,38
Dadra and Nagar Haveli and Daman and Diu,16/06/2020,24492,51
Dadra and Nagar Haveli and Daman and Diu,17/06/2020,25575,58
Dadra and Nagar Haveli and Daman and Diu,18/06/2020,26752,69
Dadra and Nagar Haveli and Daman and Diu,20/06/2020,27617,93
Dadra and Nagar Haveli and Daman and Diu,21/06/2020,27839,97
Dadra and Nagar Haveli and Daman and Diu,22/06/2020,28364,112
Dadra and Nagar Haveli and Daman and Diu,23/06/2020,29072,121
Dadra and Nagar Haveli and Daman and Diu,24/06/2020,29403,134
Dadra and Nagar Haveli and Daman and Diu,25/06/2020,30188,154
Dadra and Nagar Haveli and Daman and Diu,26/06/2020,30768,169
Delhi,01/04/2020,2621,
Delhi,07/04/2020,9041,576
Delhi,09/04/2020,9968,720
Delhi,10/04/2020,11061,903
Delhi,11/04/2020,11709,1069
Delhi,12/04/2020,14036,1154
Delhi,13/04/2020,15032,1510
Delhi,14/04/2020,16282,1561
Delhi,15/04/2020,16605,1578
Delhi,16/04/2020,18784,1640
Delhi,17/04/2020,21409,1707
Delhi,18/04/2020,22283,1893
Delhi,19/04/2020,24387,2003
Delhi,20/04/2020,25900,2081
Delhi,21/04/2020,26627,2156
Delhi,22/04/2020,28309,2248
Delhi,23/04/2020,30560,2375
Delhi,24/04/2020,33672,2514
Delhi,25/04/2020,35519,2625
Delhi,26/04/2020,37613,2918
Delhi,27/04/2020,39911,3108
Delhi,28/04/2020,43370,3314
Delhi,29/04/2020,47225,3439
Delhi,01/05/2020,,
Delhi,02/05/2020,58210,4122
Delhi,03/05/2020,60246,4549
Delhi,04/05/2020,64108,4898
Delhi,05/05/2020,67852,5104
Delhi,06/05/2020,71934,5532
Delhi,07/05/2020,77234,5980
Delhi,08/05/2020,81367,6318
Delhi,09/05/2020,84226,6542
Delhi,10/05/2020,93810,6923
Delhi,11/05/2020,97678,7233
Delhi,12/05/2020,106109,7639
Delhi,13/05/2020,113345,7998
Delhi,14/05/2020,119736,8470
Delhi,15/05/2020,125189,8895
Delhi,16/05/2020,130845,9333
Delhi,17/05/2020,135791,9755
Delhi,18/05/2020,139727,10054
Delhi,19/05/2020,145854,10554
Delhi,20/05/2020,150282,11088
Delhi,21/05/2020,154385,11659
Delhi,22/05/2020,160255,12319
Delhi,23/05/2020,165047,12910
Delhi,24/05/2020,169873,13418
Delhi,25/05/2020,174469,14053
Delhi,26/05/2020,178579,14465
Delhi,27/05/2020,184362,15257
Delhi,28/05/2020,191977,16281
Delhi,29/05/2020,199626,17386
Delhi,30/05/2020,206739,18549
Delhi,31/05/2020,212784,19844
Delhi,01/06/2020,217537,20834
Delhi,02/06/2020,223607,22132
Delhi,03/06/2020,230145,23645
Delhi,04/06/2020,236506,25004
Delhi,05/06/2020,241693,26334
Delhi,06/06/2020,246873,27654
Delhi,07/06/2020,251915,28936
Delhi,08/06/2020,255615,29943
Delhi,09/06/2020,261079,31309
Delhi,10/06/2020,266156,32810
Delhi,11/06/2020,271516,34687
Delhi,12/06/2020,277463,36824
Delhi,13/06/2020,283239,38958
Delhi,14/06/2020,290592,41182
Delhi,15/06/2020,296697,42829
Delhi,16/06/2020,304483,44688
Delhi,17/06/2020,312576,47102
Delhi,18/06/2020,321302,49979
Delhi,19/06/2020,334376,53116
Delhi,20/06/2020,351909,56746
Delhi,21/06/2020,370014,59746
Delhi,22/06/2020,384696,62655
Delhi,23/06/2020,401648,66602
Delhi,24/06/2020,420707,70390
Delhi,25/06/2020,438012,73780
Delhi,26/06/2020,459156,77240
Delhi,27/06/2020,478336,80188
Goa,02/04/2020,220,5
Goa,09/04/2020,344,7
Goa,10/04/2020,354,7
Goa,12/04/2020,406,7
Goa,13/04/2020,440,7
Goa,14/04/2020,479,7
Goa,15/04/2020,556,7
Goa,16/04/2020,611,7
Goa,17/04/2020,673,7
Goa,18/04/2020,758,7
Goa,19/04/2020,826,7
Goa,20/04/2020,901,7
Goa,21/04/2020,1004,7
Goa,22/04/2020,1116,7
Goa,23/04/2020,1206,7
Goa,27/04/2020,1541,7
Goa,28/04/2020,1776,7
Goa,29/04/2020,1871,7
Goa,30/04/2020,2031,7
Goa,01/05/2020,2181,7
Goa,02/05/2020,2372,7
Goa,03/05/2020,2548,7
Goa,04/05/2020,2899,7
Goa,05/05/2020,3096,7
Goa,06/05/2020,3411,7
Goa,08/05/2020,4140,7
Goa,09/05/2020,4524,7
Goa,10/05/2020,4848,7
Goa,11/05/2020,5307,7
Goa,14/05/2020,6736,7
Goa,15/05/2020,7304,7
Goa,16/05/2020,8011,20
Goa,17/05/2020,8785,29
Goa,18/05/2020,8785,29
Goa,19/05/2020,9549,46
Goa,20/05/2020,10136,50
Goa,21/05/2020,10859,52
Goa,22/05/2020,11362,54
Goa,23/05/2020,11945,55
Goa,24/05/2020,12499,66
Goa,25/05/2020,12860,67
Goa,26/05/2020,13303,67
Goa,27/05/2020,13911,68
Goa,28/05/2020,14782,69
Goa,29/05/2020,16141,69
Goa,30/05/2020,17871,70
Goa,31/05/2020,19491,71
Goa,01/06/2020,20780,73
Goa,02/06/2020,22378,79
Goa,03/06/2020,23816,126
Goa,04/06/2020,25300,166
Goa,05/06/2020,26208,196
Goa,06/06/2020,27402,267
Goa,07/06/2020,29739,300
Goa,08/06/2020,31455,330
Goa,09/06/2020,32194,359
Goa,10/06/2020,35332,387
Goa,11/06/2020,37858,417
Goa,12/06/2020,39298,463
Goa,13/06/2020,40723,523
Goa,14/06/2020,41835,564
Goa,15/06/2020,42703,592
Goa,16/06/2020,44378,629
Goa,17/06/2020,45685,656
Goa,18/06/2020,46996,705
Goa,19/06/2020,49718,725
Goa,20/06/2020,51404,754
Goa,21/06/2020,52301,818
Goa,22/06/2020,53050,864
Goa,23/06/2020,54781,909
Goa,24/06/2020,56925,951
Goa,25/06/2020,58584,995
Goa,26/06/2020,60350,1039
Goa,27/06/2020,61687,1128
Gujarat,08/04/2020,4224,186
Gujarat,10/04/2020,7718,378
Gujarat,11/04/2020,9763,468
Gujarat,12/04/2020,11715,516
Gujarat,13/04/2020,14251,572
Gujarat,14/04/2020,14980,617
Gujarat,15/04/2020,19197,766
Gujarat,16/04/2020,20903,929
Gujarat,17/04/2020,23483,1099
Gujarat,18/04/2020,26102,1376
Gujarat,19/04/2020,29104,1743
Gujarat,20/04/2020,33316,1939
Gujarat,21/04/2020,36829,2178
Gujarat,22/04/2020,39421,2407
Gujarat,23/04/2020,42384,2624
Gujarat,24/04/2020,46743,2815
Gujarat,25/04/2020,48315,3061
Gujarat,26/04/2020,51091,3301
Gujarat,27/04/2020,53575,3547
Gujarat,28/04/2020,56101,3774
Gujarat,29/04/2020,59488,4082
Gujarat,30/04/2020,64007,4395
Gujarat,01/05/2020,68774,4721
Gujarat,02/05/2020,74116,5054
Gujarat,03/05/2020,80060,5428
Gujarat,04/05/2020,84648,5804
Gujarat,05/05/2020,89632,6245
Gujarat,06/05/2020,95191,6625
Gujarat,07/05/2020,100553,7013
Gujarat,08/05/2020,105386,7403
Gujarat,09/05/2020,109650,7797
Gujarat,10/05/2020,113493,8195
Gujarat,11/05/2020,116470,8541
Gujarat,12/05/2020,119536,8903
Gujarat,13/05/2020,122297,9268
Gujarat,14/05/2020,124708,9591
Gujarat,15/05/2020,127859,9932
Gujarat,16/05/2020,138407,10989
Gujarat,17/05/2020,143600,11380
Gujarat,18/05/2020,148824,11746
Gujarat,19/05/2020,154674,12141
Gujarat,20/05/2020,160772,12539
Gujarat,21/05/2020,166152,12910
Gujarat,22/05/2020,172562,13273
Gujarat,23/05/2020,178068,13669
Gujarat,24/05/2020,182868,14056
Gujarat,25/05/2020,186361,14468
Gujarat,26/05/2020,189313,14821
Gujarat,27/05/2020,193863,15203
Gujarat,28/05/2020,198048,15572
Gujarat,29/05/2020,201481,15944
Gujarat,30/05/2020,205780,16356
Gujarat,31/05/2020,211930,16794
Gujarat,01/06/2020,216258,17217
Gujarat,02/06/2020,221610,17632
Gujarat,03/06/2020,227898,18117
Gujarat,04/06/2020,233921,18609
Gujarat,05/06/2020,239911,19119
Gujarat,06/06/2020,245606,19617
Gujarat,07/06/2020,251686,20097
Gujarat,08/06/2020,256289,20574
Gujarat,09/06/2020,261587,21044
Gujarat,10/06/2020,266404,21554
Gujarat,11/06/2020,272924,22067
Gujarat,12/06/2020,278137,22562
Gujarat,13/06/2020,283623,23079
Gujarat,14/06/2020,288565,23590
Gujarat,15/06/2020,292909,24104
Gujarat,16/06/2020,296335,24628
Gujarat,17/06/2020,303671,25148
Gujarat,18/06/2020,308744,25658
Gujarat,19/06/2020,314301,26198
Gujarat,20/06/2020,319414,26737
Gujarat,21/06/2020,324874,27317
Gujarat,22/06/2020,329343,27880
Gujarat,23/06/2020,334326,28429
Gujarat,24/06/2020,340080,29001
Gujarat,25/06/2020,345278,29578
Gujarat,26/06/2020,351179,30158
Haryana,03/04/2020,1325,44
Haryana,07/04/2020,2520,141
Haryana,08/04/2020,2650,153
Haryana,09/04/2020,2964,156
Haryana,10/04/2020,3527,162
Haryana,11/04/2020,3663,165
Haryana,12/04/2020,3903,181
Haryana,13/04/2020,4489,182
Haryana,14/04/2020,5210,184
Haryana,15/04/2020,7388,190
Haryana,16/04/2020,8064,214
Haryana,17/04/2020,8884,223
Haryana,18/04/2020,10454,232
Haryana,19/04/2020,12687,250
Haryana,20/04/2020,13894,251
Haryana,21/04/2020,14562,255
Haryana,22/04/2020,15561,264
Haryana,23/04/2020,17582,270
Haryana,24/04/2020,18845,275
Haryana,25/04/2020,20270,287
Haryana,26/04/2020,21467,296
Haryana,27/04/2020,22993,301
Haryana,28/04/2020,24826,308
Haryana,29/04/2020,26148,311
Haryana,30/04/2020,28202,339
Haryana,01/05/2020,30191,357
Haryana,02/05/2020,31200,369
Haryana,03/05/2020,35278,442
Haryana,04/05/2020,38183,517
Haryana,05/05/2020,40982,548
Haryana,06/05/2020,43279,594
Haryana,07/05/2020,46495,625
Haryana,08/05/2020,49746,647
Haryana,09/05/2020,53282,675
Haryana,10/05/2020,56983,703
Haryana,11/05/2020,59735,730
Haryana,12/05/2020,62377,780
Haryana,13/05/2020,65785,793
Haryana,14/05/2020,69191,818
Haryana,15/05/2020,72326,854
Haryana,16/05/2020,75097,887
Haryana,17/05/2020,78029,910
Haryana,18/05/2020,80698,928
Haryana,19/05/2020,82544,964
Haryana,20/05/2020,83944,970
Haryana,21/05/2020,88138,1031
Haryana,22/05/2020,91119,1067
Haryana,23/05/2020,94035,1131
Haryana,24/05/2020,97006,1184
Haryana,25/05/2020,99987,1213
Haryana,26/05/2020,102018,1305
Haryana,27/05/2020,104747,1381
Haryana,28/05/2020,108031,1504
Haryana,29/05/2020,110940,1721
Haryana,30/05/2020,114683,1923
Haryana,31/05/2020,118138,2091
Haryana,01/06/2020,121779,2356
Haryana,02/06/2020,124564,2652
Haryana,03/06/2020,127895,2954
Haryana,04/06/2020,132575,3281
Haryana,05/06/2020,137452,3597
Haryana,06/06/2020,141688,3952
Haryana,07/06/2020,145722,4448
Haryana,08/06/2020,150220,4854
Haryana,09/06/2020,153692,5209
Haryana,10/06/2020,158470,5438
Haryana,11/06/2020,162967,5968
Haryana,12/06/2020,167501,6334
Haryana,13/06/2020,171560,6749
Haryana,14/06/2020,185722,7208
Haryana,15/06/2020,189914,7722
Haryana,16/06/2020,193421,8272
Haryana,17/06/2020,197703,8832
Haryana,18/06/2020,202808,9218
Haryana,19/06/2020,207675,9743
Haryana,20/06/2020,212430,10223
Haryana,21/06/2020,217797,10635
Haryana,22/06/2020,222948,11025
Haryana,23/06/2020,226951,11520
Haryana,24/06/2020,231673,12010
Haryana,25/06/2020,236898,12463
Haryana,26/06/2020,241941,12884
Haryana,27/06/2020,247139,13427
Himachal Pradesh,10/04/2020,900,30
Himachal Pradesh,11/04/2020,900,30
Himachal Pradesh,12/04/2020,1113,32
Himachal Pradesh,13/04/2020,1210,32
Himachal Pradesh,14/04/2020,1311,32
Himachal Pradesh,15/04/2020,1426,35
Himachal Pradesh,16/04/2020,1604,35
Himachal Pradesh,17/04/2020,1992,36
Himachal Pradesh,18/04/2020,2207,39
Himachal Pradesh,19/04/2020,2553,39
Himachal Pradesh,20/04/2020,2892,39
Himachal Pradesh,21/04/2020,3341,39
Himachal Pradesh,22/04/2020,3700,39
Himachal Pradesh,23/04/2020,4020,40
Himachal Pradesh,24/04/2020,4328,40
Himachal Pradesh,25/04/2020,4623,40
Himachal Pradesh,26/04/2020,4901,40
Himachal Pradesh,27/04/2020,5106,40
Himachal Pradesh,28/04/2020,5391,40
Himachal Pradesh,29/04/2020,5772,40
Himachal Pradesh,30/04/2020,6133,40
Himachal Pradesh,01/05/2020,6472,40
Himachal Pradesh,02/05/2020,6836,40
Himachal Pradesh,03/05/2020,7185,40
Himachal Pradesh,04/05/2020,7430,41
Himachal Pradesh,05/05/2020,7893,42
Himachal Pradesh,06/05/2020,8491,43
Himachal Pradesh,07/05/2020,9005,46
Himachal Pradesh,08/05/2020,9522,50
Himachal Pradesh,09/05/2020,10208,52
Himachal Pradesh,10/05/2020,10791,55
Himachal Pradesh,11/05/2020,11267,59
Himachal Pradesh,12/05/2020,12224,66
Himachal Pradesh,13/05/2020,13190,67
Himachal Pradesh,14/05/2020,14256,70
Himachal Pradesh,15/05/2020,15557,76
Himachal Pradesh,16/05/2020,16534,78
Himachal Pradesh,17/05/2020,17417,80
Himachal Pradesh,18/05/2020,18224,90
Himachal Pradesh,19/05/2020,19645,92
Himachal Pradesh,20/05/2020,21147,110
Himachal Pradesh,21/05/2020,22641,152
Himachal Pradesh,22/05/2020,24246,168
Himachal Pradesh,23/05/2020,25905,185
Himachal Pradesh,24/05/2020,27288,203
Himachal Pradesh,25/05/2020,28346,223
Himachal Pradesh,26/05/2020,29379,247
Himachal Pradesh,27/05/2020,30852,273
Himachal Pradesh,28/05/2020,32449,281
Himachal Pradesh,29/05/2020,33979,295
Himachal Pradesh,30/05/2020,35668,313
Himachal Pradesh,31/05/2020,37168,331
Himachal Pradesh,01/06/2020,37897,340
Himachal Pradesh,02/06/2020,39620,345
Himachal Pradesh,03/06/2020,41351,359
Himachal Pradesh,04/06/2020,42703,383
Himachal Pradesh,05/06/2020,43688,393
Himachal Pradesh,06/06/2020,44509,400
Himachal Pradesh,07/06/2020,45888,411
Himachal Pradesh,08/06/2020,46416,421
Himachal Pradesh,09/06/2020,47655,437
Himachal Pradesh,10/06/2020,48922,451
Himachal Pradesh,11/06/2020,50222,470
Himachal Pradesh,12/06/2020,51420,486
Himachal Pradesh,13/06/2020,52737,493
Himachal Pradesh,14/06/2020,53946,518
Himachal Pradesh,15/06/2020,54484,556
Himachal Pradesh,16/06/2020,56106,560
Himachal Pradesh,17/06/2020,57479,585
Himachal Pradesh,18/06/2020,59214,595
Himachal Pradesh,19/06/2020,60814,627
Himachal Pradesh,20/06/2020,62580,656
Himachal Pradesh,21/06/2020,64338,673
Himachal Pradesh,22/06/2020,65189,727
Himachal Pradesh,23/06/2020,67020,775
Himachal Pradesh,24/06/2020,68899,806
Himachal Pradesh,25/06/2020,71078,839
Himachal Pradesh,26/06/2020,72688,864
Himachal Pradesh,27/06/2020,74695,874
Jammu and Kashmir,05/04/2020,1551,106
Jammu and Kashmir,10/04/2020,2961,207
Jammu and Kashmir,11/04/2020,3206,224
Jammu and Kashmir,12/04/2020,3600,245
Jammu and Kashmir,13/04/2020,4065,270
Jammu and Kashmir,14/04/2020,4619,278
Jammu and Kashmir,15/04/2020,5171,300
Jammu and Kashmir,16/04/2020,5680,314
Jammu and Kashmir,17/04/2020,6438,328
Jammu and Kashmir,18/04/2020,6937,341
Jammu and Kashmir,19/04/2020,7895,350
Jammu and Kashmir,20/04/2020,8612,368
Jammu and Kashmir,21/04/2020,9220,380
Jammu and Kashmir,22/04/2020,10039,407
Jammu and Kashmir,23/04/2020,10977,427
Jammu and Kashmir,24/04/2020,11764,454
Jammu and Kashmir,25/04/2020,12835,494
Jammu and Kashmir,26/04/2020,13959,523
Jammu and Kashmir,27/04/2020,14988,546
Jammu and Kashmir,28/04/2020,16619,565
Jammu and Kashmir,29/04/2020,18450,581
Jammu and Kashmir,30/04/2020,19746,614
Jammu and Kashmir,01/05/2020,21695,639
Jammu and Kashmir,02/05/2020,23406,666
Jammu and Kashmir,03/05/2020,26038,701
Jammu and Kashmir,04/05/2020,28199,726
Jammu and Kashmir,05/05/2020,31312,741
Jammu and Kashmir,06/05/2020,34277,775
Jammu and Kashmir,07/05/2020,37706,793
Jammu and Kashmir,08/05/2020,42427,823
Jammu and Kashmir,09/05/2020,44753,836
Jammu and Kashmir,10/05/2020,47080,861
Jammu and Kashmir,11/05/2020,51334,879
Jammu and Kashmir,12/05/2020,53726,934
Jammu and Kashmir,13/05/2020,57111,971
Jammu and Kashmir,14/05/2020,63515,983
Jammu and Kashmir,15/05/2020,70306,1013
Jammu and Kashmir,16/05/2020,76191,1121
Jammu and Kashmir,17/05/2020,80934,1183
Jammu and Kashmir,18/05/2020,88601,1289
Jammu and Kashmir,19/05/2020,96826,1317
Jammu and Kashmir,20/05/2020,101950,1390
Jammu and Kashmir,21/05/2020,107108,1449
Jammu and Kashmir,22/05/2020,114859,1489
Jammu and Kashmir,23/05/2020,124074,1569
Jammu and Kashmir,24/05/2020,130433,1621
Jammu and Kashmir,25/05/2020,134188,1668
Jammu and Kashmir,26/05/2020,140962,1759
Jammu and Kashmir,27/05/2020,145162,1921
Jammu and Kashmir,28/05/2020,153522,2036
Jammu and Kashmir,29/05/2020,158729,2164
Jammu and Kashmir,30/05/2020,164581,2341
Jammu and Kashmir,31/05/2020,171045,2446
Jammu and Kashmir,01/06/2020,176309,2601
Jammu and Kashmir,02/06/2020,183067,2718
Jammu and Kashmir,03/06/2020,189364,2857
Jammu and Kashmir,04/06/2020,195677,3142
Jammu and Kashmir,05/06/2020,202257,3324
Jammu and Kashmir,06/06/2020,211880,3467
Jammu and Kashmir,07/06/2020,218481,4087
Jammu and Kashmir,08/06/2020,227906,4285
Jammu and Kashmir,09/06/2020,235816,4346
Jammu and Kashmir,10/06/2020,241891,4507
Jammu and Kashmir,11/06/2020,247267,4574
Jammu and Kashmir,12/06/2020,254059,4730
Jammu and Kashmir,13/06/2020,260098,4878
Jammu and Kashmir,14/06/2020,266163,5041
Jammu and Kashmir,15/06/2020,271416,5220
Jammu and Kashmir,16/06/2020,276174,5298
Jammu and Kashmir,17/06/2020,282268,5406
Jammu and Kashmir,18/06/2020,289027,5555
Jammu and Kashmir,19/06/2020,295202,5680
Jammu and Kashmir,20/06/2020,301209,5834
Jammu and Kashmir,21/06/2020,307638,5956
Jammu and Kashmir,22/06/2020,313687,6088
Jammu and Kashmir,23/06/2020,319664,6236
Jammu and Kashmir,24/06/2020,326430,6422
Jammu and Kashmir,25/06/2020,332445,6549
Jammu and Kashmir,26/06/2020,338903,6762
Jammu and Kashmir,27/06/2020,345426,6966
Jharkhand,10/04/2020,1340,14
Jharkhand,11/04/2020,1546,17
Jharkhand,12/04/2020,1683,17
Jharkhand,13/04/2020,1982,19
Jharkhand,14/04/2020,2334,27
Jharkhand,17/04/2020,3143,32
Jharkhand,18/04/2020,3431,33
Jharkhand,19/04/2020,3646,38
Jharkhand,20/04/2020,4235,45
Jharkhand,22/04/2020,5176,49
Jharkhand,23/04/2020,5380,53
Jharkhand,24/04/2020,6162,57
Jharkhand,25/04/2020,6970,67
Jharkhand,26/04/2020,7806,82
Jharkhand,27/04/2020,8757,103
Jharkhand,28/04/2020,9408,105
Jharkhand,29/04/2020,10268,107
Jharkhand,30/04/2020,10987,109
Jharkhand,01/05/2020,11771,113
Jharkhand,02/05/2020,12393,115
Jharkhand,03/05/2020,13055,115
Jharkhand,04/05/2020,13832,115
Jharkhand,05/05/2020,15064,125
Jharkhand,06/05/2020,15908,127
Jharkhand,07/05/2020,17101,132
Jharkhand,08/05/2020,17219,132
Jharkhand,09/05/2020,18632,154
Jharkhand,10/05/2020,20832,157
Jharkhand,11/05/2020,21201,160
Jharkhand,12/05/2020,22815,164
Jharkhand,13/05/2020,25769,177
Jharkhand,14/05/2020,27789,197
Jharkhand,15/05/2020,29236,211
Jharkhand,16/05/2020,31025,217
Jharkhand,17/05/2020,33220,223
Jharkhand,18/05/2020,35359,228
Jharkhand,19/05/2020,37589,248
Jharkhand,20/05/2020,39402,281
Jharkhand,21/05/2020,41936,303
Jharkhand,22/05/2020,43988,323
Jharkhand,23/05/2020,45785,350
Jharkhand,24/05/2020,48641,370
Jharkhand,25/05/2020,50709,405
Jharkhand,26/05/2020,53309,426
Jharkhand,27/05/2020,55427,458
Jharkhand,28/05/2020,57250,469
Jharkhand,29/05/2020,59452,521
Jharkhand,30/05/2020,62916,563
Jharkhand,31/05/2020,65886,610
Jharkhand,01/06/2020,69187,661
Jharkhand,02/06/2020,71296,712
Jharkhand,03/06/2020,74499,764
Jharkhand,04/06/2020,77641,827
Jharkhand,05/06/2020,80097,922
Jharkhand,06/06/2020,84444,1028
Jharkhand,07/06/2020,87721,1103
Jharkhand,08/06/2020,92325,1290
Jharkhand,09/06/2020,95099,1416
Jharkhand,10/06/2020,95500,1423
Jharkhand,11/06/2020,99931,1599
Jharkhand,12/06/2020,102092,1656
Jharkhand,13/06/2020,103905,1711
Jharkhand,14/06/2020,106104,1761
Jharkhand,15/06/2020,108576,1793
Jharkhand,16/06/2020,110813,1839
Jharkhand,17/06/2020,113004,1895
Jharkhand,18/06/2020,115186,1919
Jharkhand,19/06/2020,117569,1961
Jharkhand,20/06/2020,120892,2024
Jharkhand,21/06/2020,121770,2089
Jharkhand,22/06/2020,124008,2140
Jharkhand,23/06/2020,126007,2193
Jharkhand,24/06/2020,128214,2219
Jharkhand,25/06/2020,131169,2261
Jharkhand,26/06/2020,133082,2294
Karnataka,03/04/2020,4587,128
Karnataka,07/04/2020,6580,175
Karnataka,08/04/2020,6967,181
Karnataka,09/04/2020,7613,197
Karnataka,10/04/2020,7975,207
Karnataka,11/04/2020,8560,215
Karnataka,12/04/2020,9251,232
Karnataka,13/04/2020,10017,247
Karnataka,14/04/2020,11107,260
Karnataka,15/04/2020,12483,279
Karnataka,16/04/2020,13724,315
Karnataka,17/04/2020,17594,359
Karnataka,18/04/2020,19186,384
Karnataka,19/04/2020,21367,390
Karnataka,20/04/2020,23460,408
Karnataka,21/04/2020,26233,418
Karnataka,22/04/2020,29512,427
Karnataka,23/04/2020,32122,445
Karnataka,24/04/2020,35958,474
Karnataka,25/04/2020,39083,500
Karnataka,26/04/2020,42964,503
Karnataka,27/04/2020,45685,512
Karnataka,28/04/2020,50512,523
Karnataka,29/04/2020,55404,535
Karnataka,30/04/2020,60156,565
Karnataka,01/05/2020,64898,589
Karnataka,02/05/2020,69730,601
Karnataka,03/05/2020,74898,614
Karnataka,04/05/2020,79193,651
Karnataka,05/05/2020,83806,673
Karnataka,06/05/2020,88777,693
Karnataka,07/05/2020,93535,705
Karnataka,08/05/2020,98081,753
Karnataka,09/05/2020,103098,794
Karnataka,10/05/2020,107311,848
Karnataka,11/05/2020,111595,862
Karnataka,12/05/2020,116533,925
Karnataka,13/05/2020,121178,959
Karnataka,14/05/2020,128373,987
Karnataka,15/05/2020,133724,1056
Karnataka,16/05/2020,140024,1092
Karnataka,17/05/2020,145398,1147
Karnataka,18/05/2020,151663,1246
Karnataka,19/05/2020,158599,1395
Karnataka,20/05/2020,166781,1462
Karnataka,21/05/2020,174297,1605
Karnataka,22/05/2020,186526,1743
Karnataka,23/05/2020,196196,1959
Karnataka,24/05/2020,206313,2089
Karnataka,25/05/2020,219894,2182
Karnataka,26/05/2020,228914,2283
Karnataka,27/05/2020,241608,2418
Karnataka,28/05/2020,252078,2533
Karnataka,29/05/2020,264489,2781
Karnataka,30/05/2020,280217,2922
Karnataka,31/05/2020,293575,3221
Karnataka,01/06/2020,304816,3408
Karnataka,02/06/2020,319628,3796
Karnataka,03/06/2020,334825,4063
Karnataka,04/06/2020,347093,4320
Karnataka,05/06/2020,360720,4835
Karnataka,06/06/2020,372582,5213
Karnataka,07/06/2020,384442,5452
Karnataka,08/06/2020,393221,5760
Karnataka,09/06/2020,400257,5921
Karnataka,10/06/2020,408506,6041
Karnataka,11/06/2020,416506,6245
Karnataka,12/06/2020,426341,6516
Karnataka,13/06/2020,436518,6824
Karnataka,14/06/2020,443969,7000
Karnataka,15/06/2020,449331,7213
Karnataka,16/06/2020,457267,7530
Karnataka,17/06/2020,464798,7734
Karnataka,18/06/2020,473507,7944
Karnataka,19/06/2020,484060,8281
Karnataka,20/06/2020,493893,8697
Karnataka,21/06/2020,506765,9150
Karnataka,22/06/2020,515969,9399
Karnataka,23/06/2020,526538,9721
Karnataka,24/06/2020,539247,10118
Karnataka,25/06/2020,553325,10560
Karnataka,26/06/2020,568058,11005
Karnataka,27/06/2020,581635,11923
Kerala,01/04/2020,7965,265
Kerala,02/04/2020,8456,286
Kerala,03/04/2020,9139,295
Kerala,04/04/2020,9744,306
Kerala,05/04/2020,10221,314
Kerala,06/04/2020,10716,327
Kerala,07/04/2020,11232,336
Kerala,08/04/2020,11986,354
Kerala,09/04/2020,12710,357
Kerala,10/04/2020,13339,364
Kerala,11/04/2020,14163,373
Kerala,12/04/2020,14989,375
Kerala,13/04/2020,15683,378
Kerala,14/04/2020,16235,386
Kerala,15/04/2020,16475,387
Kerala,16/04/2020,17400,394
Kerala,17/04/2020,18029,395
Kerala,18/04/2020,18774,399
Kerala,19/04/2020,19351,401
Kerala,20/04/2020,19756,408
Kerala,21/04/2020,20252,426
Kerala,22/04/2020,20821,437
Kerala,23/04/2020,21334,447
Kerala,24/04/2020,21940,450
Kerala,25/04/2020,22360,457
Kerala,26/04/2020,22954,468
Kerala,27/04/2020,24146,481
Kerala,28/04/2020,24855,485
Kerala,29/04/2020,25827,495
Kerala,30/04/2020,27481,497
Kerala,01/05/2020,29012,497
Kerala,02/05/2020,33276,499
Kerala,03/05/2020,34608,499
Kerala,04/05/2020,35441,499
Kerala,05/05/2020,36312,502
Kerala,06/05/2020,37546,502
Kerala,07/05/2020,38206,502
Kerala,08/05/2020,39266,503
Kerala,09/05/2020,40123,505
Kerala,10/05/2020,41279,512
Kerala,11/05/2020,41700,512
Kerala,12/05/2020,42461,524
Kerala,13/05/2020,43648,534
Kerala,14/05/2020,45039,560
Kerala,15/05/2020,46831,576
Kerala,16/05/2020,48433,587
Kerala,17/05/2020,50036,601
Kerala,18/05/2020,51059,630
Kerala,19/05/2020,52588,642
Kerala,20/05/2020,54633,666
Kerala,21/05/2020,56373,690
Kerala,22/05/2020,58382,733
Kerala,23/05/2020,60443,795
Kerala,24/05/2020,61900,848
Kerala,25/05/2020,63009,897
Kerala,26/05/2020,65303,964
Kerala,27/05/2020,67961,1004
Kerala,28/05/2020,70622,1089
Kerala,29/05/2020,74214,1151
Kerala,30/05/2020,77257,1209
Kerala,31/05/2020,77508,1270
Kerala,01/06/2020,82449,1327
Kerala,02/06/2020,86169,1413
Kerala,03/06/2020,95348,1495
Kerala,04/06/2020,99692,1589
Kerala,05/06/2020,104045,1700
Kerala,06/06/2020,107796,1808
Kerala,07/06/2020,111930,1915
Kerala,08/06/2020,113956,2006
Kerala,09/06/2020,126088,2097
Kerala,10/06/2020,131006,2162
Kerala,11/06/2020,135974,2245
Kerala,12/06/2020,140457,2323
Kerala,13/06/2020,144842,2408
Kerala,14/06/2020,149164,2462
Kerala,15/06/2020,151686,2544
Kerala,16/06/2020,157117,2623
Kerala,17/06/2020,161829,2698
Kerala,18/06/2020,169035,2795
Kerala,19/06/2020,173729,2913
Kerala,20/06/2020,178559,3040
Kerala,21/06/2020,183201,3173
Kerala,22/06/2020,185903,3311
Kerala,23/06/2020,192059,3452
Kerala,24/06/2020,197567,3604
Kerala,25/06/2020,203574,3727
Kerala,26/06/2020,209456,3877
Kerala,27/06/2020,215243,4072
Ladakh,13/04/2020,618,17
Ladakh,14/04/2020,760,17
Ladakh,15/04/2020,820,18
Ladakh,16/04/2020,917,18
Ladakh,19/04/2020,991,18
Ladakh,21/04/2020,1137,18
Ladakh,29/04/2020,1949,22
Ladakh,30/04/2020,2245,22
Ladakh,01/05/2020,2430,22
Ladakh,02/05/2020,2434,23
Ladakh,03/05/2020,2434,41
Ladakh,04/05/2020,2639,41
Ladakh,09/05/2020,3503,42
Ladakh,13/05/2020,3683,43
Ladakh,16/05/2020,4067,43
Ladakh,18/05/2020,4219,43
Ladakh,19/05/2020,4730,43
Ladakh,21/05/2020,5291,44
Ladakh,22/05/2020,5505,44
Ladakh,23/05/2020,5727,49
Ladakh,24/05/2020,5730,52
Ladakh,25/05/2020,5896,53
Ladakh,30/05/2020,7354,74
Ladakh,31/05/2020,7354,77
Ladakh,02/06/2020,8310,81
Ladakh,05/06/2020,9754,97
Ladakh,06/06/2020,10164,99
Ladakh,09/06/2020,10249,108
Ladakh,11/06/2020,10855,135
Ladakh,12/06/2020,10986,239
Ladakh,13/06/2020,11135,437
Ladakh,14/06/2020,11135,539
Ladakh,15/06/2020,11260,555
Ladakh,16/06/2020,11537,649
Ladakh,17/06/2020,11626,687
Ladakh,18/06/2020,12082,687
Ladakh,19/06/2020,12516,744
Ladakh,20/06/2020,12838,836
Ladakh,21/06/2020,12838,837
Ladakh,22/06/2020,13018,847
Ladakh,23/06/2020,13118,932
Ladakh,24/06/2020,13313,932
Ladakh,25/06/2020,13521,941
Ladakh,26/06/2020,13636,946
Ladakh,27/06/2020,13717,960
Madhya Pradesh,05/04/2020,2812,193
Madhya Pradesh,07/04/2020,3770,290
Madhya Pradesh,08/04/2020,4056,341
Madhya Pradesh,09/04/2020,5135,411
Madhya Pradesh,10/04/2020,7049,451
Madhya Pradesh,11/04/2020,8516,529
Madhya Pradesh,12/04/2020,10481,562
Madhya Pradesh,13/04/2020,10481,614
Madhya Pradesh,14/04/2020,8105,741
Madhya Pradesh,15/04/2020,9596,938
Madhya Pradesh,16/04/2020,13492,1164
Madhya Pradesh,17/04/2020,15302,1310
Madhya Pradesh,18/04/2020,14978,1402
Madhya Pradesh,19/04/2020,17835,1407
Madhya Pradesh,20/04/2020,19142,1485
Madhya Pradesh,21/04/2020,20905,1552
Madhya Pradesh,22/04/2020,22664,1587
Madhya Pradesh,23/04/2020,24548,1687
Madhya Pradesh,24/04/2020,26233,1846
Madhya Pradesh,25/04/2020,27866,1945
Madhya Pradesh,26/04/2020,25232,2090
Madhya Pradesh,27/04/2020,27009,2165
Madhya Pradesh,28/04/2020,31060,2387
Madhya Pradesh,29/04/2020,33837,2560
Madhya Pradesh,30/04/2020,41712,2625
Madhya Pradesh,01/05/2020,44116,2715
Madhya Pradesh,02/05/2020,46578,2788
Madhya Pradesh,03/05/2020,49186,2837
Madhya Pradesh,04/05/2020,52095,2942
Madhya Pradesh,05/05/2020,54595,3049
Madhya Pradesh,06/05/2020,54595,3138
Madhya Pradesh,07/05/2020,61020,3252
Madhya Pradesh,08/05/2020,63705,3341
Madhya Pradesh,09/05/2020,68010,3457
Madhya Pradesh,10/05/2020,72069,3614
Madhya Pradesh,11/05/2020,76039,3785
Madhya Pradesh,12/05/2020,80885,3986
Madhya Pradesh,13/05/2020,85903,4173
Madhya Pradesh,14/05/2020,89760,4426
Madhya Pradesh,15/05/2020,93849,4595
Madhya Pradesh,16/05/2020,99677,4790
Madhya Pradesh,17/05/2020,103898,4977
Madhya Pradesh,18/05/2020,112168,5236
Madhya Pradesh,19/05/2020,116473,5465
Madhya Pradesh,20/05/2020,120737,5735
Madhya Pradesh,21/05/2020,125608,5981
Madhya Pradesh,22/05/2020,129060,6170
Madhya Pradesh,23/05/2020,132769,6371
Madhya Pradesh,24/05/2020,135889,6665
Madhya Pradesh,25/05/2020,138584,6859
Madhya Pradesh,26/05/2020,141508,7024
Madhya Pradesh,27/05/2020,146144,7261
Madhya Pradesh,28/05/2020,151182,7453
Madhya Pradesh,29/05/2020,155436,7645
Madhya Pradesh,30/05/2020,161552,7891
Madhya Pradesh,31/05/2020,167808,8089
Madhya Pradesh,01/06/2020,172019,8283
Madhya Pradesh,02/06/2020,177481,8420
Madhya Pradesh,03/06/2020,183662,8588
Madhya Pradesh,04/06/2020,189252,8762
Madhya Pradesh,05/06/2020,195249,8996
Madhya Pradesh,06/06/2020,200913,9228
Madhya Pradesh,07/06/2020,208514,9401
Madhya Pradesh,08/06/2020,215194,9638
Madhya Pradesh,09/06/2020,220936,9849
Madhya Pradesh,10/06/2020,228042,10049
Madhya Pradesh,11/06/2020,233740,10241
Madhya Pradesh,12/06/2020,241461,10443
Madhya Pradesh,13/06/2020,246973,10641
Madhya Pradesh,14/06/2020,252762,10802
Madhya Pradesh,15/06/2020,258040,10935
Madhya Pradesh,16/06/2020,263983,11083
Madhya Pradesh,17/06/2020,271205,11244
Madhya Pradesh,18/06/2020,277451,11426
Madhya Pradesh,19/06/2020,282674,11582
Madhya Pradesh,20/06/2020,290831,11724
Madhya Pradesh,21/06/2020,296943,11903
Madhya Pradesh,22/06/2020,302673,12078
Madhya Pradesh,23/06/2020,307812,12261
Madhya Pradesh,24/06/2020,314978,12448
Madhya Pradesh,25/06/2020,321595,12595
Madhya Pradesh,26/06/2020,329079,12798
Madhya Pradesh,27/06/2020,337041,12965
Maharashtra,05/04/2020,16008,
Maharashtra,06/04/2020,17563,868
Maharashtra,07/04/2020,20877,1018
Maharashtra,09/04/2020,20877,868
Maharashtra,10/04/2020,30000,1135
Maharashtra,11/04/2020,31841,1761
Maharashtra,12/04/2020,35668,1761
Maharashtra,13/04/2020,39725,1996
Maharashtra,14/04/2020,41071,2340
Maharashtra,15/04/2020,45142,2690
Maharashtra,16/04/2020,50882,2916
Maharashtra,17/04/2020,55678,3204
Maharashtra,18/04/2020,60166,3323
Maharashtra,19/04/2020,66796,3651
Maharashtra,20/04/2020,71321,4204
Maharashtra,21/04/2020,75838,4676
Maharashtra,22/04/2020,82304,5229
Maharashtra,23/04/2020,89197,5218
Maharashtra,24/04/2020,95210,6427
Maharashtra,25/04/2020,100912,6817
Maharashtra,26/04/2020,107979,7928
Maharashtra,27/04/2020,115147,8068
Maharashtra,28/04/2020,120620,8590
Maharashtra,29/04/2020,128726,9318
Maharashtra,30/04/2020,135694,9915
Maharashtra,01/05/2020,144159,10498
Maharashtra,02/05/2020,151085,11506
Maharashtra,03/05/2020,159754,12296
Maharashtra,04/05/2020,168374,12974
Maharashtra,05/05/2020,175323,14541
Maharashtra,06/05/2020,181746,15525
Maharashtra,07/05/2020,189220,16758
Maharashtra,08/05/2020,200477,17974
Maharashtra,09/05/2020,210174,19063
Maharashtra,10/05/2020,225524,20228
Maharashtra,11/05/2020,218914,23401
Maharashtra,12/05/2020,222284,23401
Maharashtra,13/05/2020,231061,24427
Maharashtra,14/05/2020,240482,25922
Maharashtra,15/05/2020,250898,27524
Maharashtra,16/05/2020,261815,29100
Maharashtra,17/05/2020,274040,30706
Maharashtra,18/05/2020,282437,33053
Maharashtra,19/05/2020,294272,35058
Maharashtra,20/05/2020,307535,37136
Maharashtra,21/05/2020,319921,39297
Maharashtra,22/05/2020,333087,41642
Maharashtra,23/05/2020,348932,44582
Maharashtra,24/05/2020,363470,47190
Maharashtra,25/05/2020,379185,50231
Maharashtra,26/05/2020,390757,52667
Maharashtra,27/05/2020,405020,54758
Maharashtra,28/05/2020,420473,56948
Maharashtra,29/05/2020,434565,59546
Maharashtra,30/05/2020,448661,62228
Maharashtra,31/05/2020,463177,65168
Maharashtra,01/06/2020,472344,67655
Maharashtra,02/06/2020,484784,70013
Maharashtra,03/06/2020,498577,72300
Maharashtra,04/06/2020,511136,74860
Maharashtra,05/06/2020,524002,77793
Maharashtra,06/06/2020,538009,80229
Maharashtra,07/06/2020,553063,82968
Maharashtra,08/06/2020,565290,85975
Maharashtra,09/06/2020,579294,88528
Maharashtra,10/06/2020,595282,90787
Maharashtra,11/06/2020,610790,94041
Maharashtra,12/06/2020,626521,97648
Maharashtra,13/06/2020,643057,101141
Maharashtra,14/06/2020,659481,104568
Maharashtra,15/06/2020,671348,107958
Maharashtra,16/06/2020,686488,110744
Maharashtra,18/06/2020,719637,123794
Maharashtra,19/06/2020,737597,120504
Maharashtra,20/06/2020,756809,124331
Maharashtra,21/06/2020,775958,128205
Maharashtra,22/06/2020,789016,132075
Maharashtra,23/06/2020,804726,142628
Maharashtra,24/06/2020,826139,146811
Maharashtra,25/06/2020,850410,151823
Maharashtra,26/06/2020,873570,156457
Maharashtra,27/06/2020,900423,162168
Manipur,14/04/2020,276,2
Manipur,17/04/2020,311,2
Manipur,24/04/2020,402,2
Manipur,25/04/2020,416,2
Manipur,30/04/2020,459,2
Manipur,01/05/2020,461,2
Manipur,02/05/2020,468,2
Manipur,04/05/2020,571,2
Manipur,07/05/2020,684,2
Manipur,08/05/2020,756,2
Manipur,09/05/2020,865,2
Manipur,10/05/2020,1096,2
Manipur,11/05/2020,1337,2
Manipur,13/05/2020,1706,2
Manipur,15/05/2020,1799,3
Manipur,16/05/2020,1900,4
Manipur,18/05/2020,2483,7
Manipur,20/05/2020,3087,20
Manipur,22/05/2020,3721,26
Manipur,23/05/2020,4094,29
Manipur,25/05/2020,5041,36
Manipur,26/05/2020,6233,39
Manipur,27/05/2020,6836,44
Manipur,28/05/2020,7758,55
Manipur,29/05/2020,8596,59
Manipur,03/06/2020,12454,118
Manipur,05/06/2020,14629,132
Manipur,07/06/2020,17028,172
Manipur,09/06/2020,18612,304
Manipur,10/06/2020,19756,311
Manipur,11/06/2020,20528,366
Manipur,13/06/2020,24046,449
Manipur,14/06/2020,25226,458
Manipur,15/06/2020,26458,490
Manipur,17/06/2020,29865,552
Manipur,18/06/2020,30476,606
Manipur,19/06/2020,32093,681
Manipur,21/06/2020,35943,841
Manipur,22/06/2020,38286,898
Manipur,23/06/2020,40829,921
Manipur,24/06/2020,43477,970
Manipur,25/06/2020,45253,1056
Meghalaya,16/04/2020,552,7
Meghalaya,17/04/2020,617,9
Meghalaya,18/04/2020,738,11
Meghalaya,19/04/2020,766,11
Meghalaya,20/04/2020,838,11
Meghalaya,21/04/2020,933,12
Meghalaya,22/04/2020,1046,12
Meghalaya,23/04/2020,1109,12
Meghalaya,24/04/2020,1130,12
Meghalaya,25/04/2020,1169,12
Meghalaya,27/04/2020,1254,12
Meghalaya,28/04/2020,1382,12
Meghalaya,29/04/2020,1397,12
Meghalaya,30/04/2020,1595,12
Meghalaya,02/05/2020,1707,12
Meghalaya,04/05/2020,1884,12
Meghalaya,05/05/2020,1944,12
Meghalaya,07/05/2020,2054,12
Meghalaya,09/05/2020,2287,12
Meghalaya,10/05/2020,2287,13
Meghalaya,11/05/2020,2480,13
Meghalaya,15/05/2020,2712,13
Meghalaya,18/05/2020,2896,13
Meghalaya,19/05/2020,3104,13
Meghalaya,20/05/2020,3419,13
Meghalaya,22/05/2020,3682,14
Meghalaya,26/05/2020,6553,15
Meghalaya,27/05/2020,6685,20
Meghalaya,31/05/2020,7781,27
Meghalaya,01/06/2020,8127,27
Meghalaya,02/06/2020,8734,28
Meghalaya,03/06/2020,9025,28
Meghalaya,04/06/2020,9395,31
Meghalaya,05/06/2020,9592,31
Meghalaya,06/06/2020,10066,33
Meghalaya,07/06/2020,10066,33
Meghalaya,08/06/2020,10746,36
Meghalaya,09/06/2020,11247,40
Meghalaya,10/06/2020,11505,44
Meghalaya,11/06/2020,11889,44
Meghalaya,12/06/2020,12219,44
Meghalaya,13/06/2020,12560,44
Meghalaya,15/06/2020,13353,44
Meghalaya,16/06/2020,13878,44
Meghalaya,17/06/2020,14316,43
Meghalaya,18/06/2020,14647,43
Meghalaya,19/06/2020,15104,43
Meghalaya,20/06/2020,15346,43
Meghalaya,22/06/2020,16296,44
Meghalaya,23/06/2020,16637,46
Meghalaya,24/06/2020,17115,46
Meghalaya,25/06/2020,17258,46
Meghalaya,26/06/2020,17784,46
Mizoram,06/04/2020,58,1
Mizoram,07/04/2020,58,1
Mizoram,08/04/2020,74,1
Mizoram,09/04/2020,84,1
Mizoram,12/04/2020,87,1
Mizoram,13/04/2020,89,1
Mizoram,14/04/2020,91,1
Mizoram,15/04/2020,94,1
Mizoram,16/04/2020,94,1
Mizoram,18/04/2020,102,1
Mizoram,19/04/2020,116,1
Mizoram,20/04/2020,132,1
Mizoram,21/04/2020,135,1
Mizoram,22/04/2020,135,1
Mizoram,23/04/2020,137,1
Mizoram,26/04/2020,146,1
Mizoram,27/04/2020,146,1
Mizoram,28/04/2020,158,1
Mizoram,29/04/2020,179,1
Mizoram,30/04/2020,180,1
Mizoram,01/05/2020,180,1
Mizoram,02/05/2020,183,1
Mizoram,03/05/2020,183,1
Mizoram,04/05/2020,183,1
Mizoram,05/05/2020,188,1
Mizoram,06/05/2020,195,1
Mizoram,07/05/2020,197,1
Mizoram,08/05/2020,199,1
Mizoram,09/05/2020,201,1
Mizoram,10/05/2020,201,1
Mizoram,11/05/2020,206,1
Mizoram,12/05/2020,224,1
Mizoram,13/05/2020,224,1
Mizoram,14/05/2020,273,1
Mizoram,15/05/2020,273,1
Mizoram,16/05/2020,282,1
Mizoram,17/05/2020,282,1
Mizoram,18/05/2020,301,1
Mizoram,19/05/2020,313,1
Mizoram,20/05/2020,315,1
Mizoram,21/05/2020,320,1
Mizoram,22/05/2020,324,1
Mizoram,23/05/2020,336,1
Mizoram,24/05/2020,342,1
Mizoram,25/05/2020,359,1
Mizoram,26/05/2020,438,1
Mizoram,28/05/2020,516,1
Mizoram,29/05/2020,529,1
Mizoram,30/05/2020,686,1
Mizoram,31/05/2020,777,1
Mizoram,01/06/2020,896,1
Mizoram,02/06/2020,1012,13
Mizoram,03/06/2020,1095,14
Mizoram,04/06/2020,1346,17
Mizoram,05/06/2020,1687,22
Mizoram,06/06/2020,1991,24
Mizoram,07/06/2020,2252,34
Mizoram,08/06/2020,2496,42
Mizoram,09/06/2020,2747,88
Mizoram,10/06/2020,2747,102
Mizoram,11/06/2020,3152,104
Mizoram,13/06/2020,3727,107
Mizoram,14/06/2020,4327,112
Mizoram,15/06/2020,4919,117
Mizoram,16/06/2020,5524,121
Mizoram,17/06/2020,6035,121
Mizoram,18/06/2020,6661,130
Mizoram,19/06/2020,7496,130
Mizoram,20/06/2020,8284,140
Mizoram,21/06/2020,8718,141
Mizoram,22/06/2020,9277,142
Mizoram,23/06/2020,9840,142
Mizoram,24/06/2020,10486,145
Mizoram,25/06/2020,11672,145
Mizoram,26/06/2020,12753,147
Nagaland,06/04/2020,60,0
Nagaland,10/04/2020,70,0
Nagaland,11/04/2020,70,0
Nagaland,12/04/2020,74,0
Nagaland,14/04/2020,174,0
Nagaland,15/04/2020,184,0
Nagaland,17/04/2020,274,0
Nagaland,18/04/2020,392,0
Nagaland,19/04/2020,404,0
Nagaland,20/04/2020,434,0
Nagaland,21/04/2020,537,0
Nagaland,22/04/2020,543,0
Nagaland,23/04/2020,607,0
Nagaland,25/04/2020,613,0
Nagaland,26/04/2020,613,0
Nagaland,27/04/2020,629,0
Nagaland,28/04/2020,639,0
Nagaland,29/04/2020,644,0
Nagaland,30/04/2020,653,0
Nagaland,01/05/2020,664,0
Nagaland,02/05/2020,674,0
Nagaland,03/05/2020,684,0
Nagaland,04/05/2020,708,0
Nagaland,05/05/2020,724,0
Nagaland,06/05/2020,763,0
Nagaland,07/05/2020,786,0
Nagaland,08/05/2020,805,0
Nagaland,09/05/2020,848,0
Nagaland,10/05/2020,862,0
Nagaland,11/05/2020,875,0
Nagaland,12/05/2020,882,0
Nagaland,13/05/2020,889,0
Nagaland,14/05/2020,891,0
Nagaland,15/05/2020,910,0
Nagaland,16/05/2020,917,0
Nagaland,17/05/2020,952,0
Nagaland,18/05/2020,961,0
Nagaland,19/05/2020,978,0
Nagaland,20/05/2020,985,0
Nagaland,21/05/2020,1001,0
Nagaland,22/05/2020,1035,0
Nagaland,23/05/2020,1065,0
Nagaland,24/05/2020,1097,0
Nagaland,25/05/2020,1366,3
Nagaland,26/05/2020,1366,4
Nagaland,27/05/2020,1554,9
Nagaland,28/05/2020,1765,18
Nagaland,29/05/2020,1997,25
Nagaland,30/05/2020,2210,36
Nagaland,31/05/2020,2576,43
Nagaland,01/06/2020,2870,43
Nagaland,02/06/2020,3257,49
Nagaland,03/06/2020,3414,58
Nagaland,04/06/2020,3739,80
Nagaland,05/06/2020,3974,94
Nagaland,06/06/2020,4061,107
Nagaland,07/06/2020,4371,118
Nagaland,08/06/2020,4729,123
Nagaland,09/06/2020,4896,127
Nagaland,10/06/2020,5220,128
Nagaland,11/06/2020,5667,130
Nagaland,12/06/2020,6104,156
Nagaland,13/06/2020,6466,163
Nagaland,14/06/2020,6478,168
Nagaland,15/06/2020,7132,177
Nagaland,16/06/2020,7835,179
Nagaland,17/06/2020,8387,193
Nagaland,18/06/2020,9039,193
Nagaland,19/06/2020,10102,198
Nagaland,20/06/2020,9128,201
Nagaland,21/06/2020,9971,211
Nagaland,22/06/2020,10599,280
Nagaland,23/06/2020,11173,330
Nagaland,24/06/2020,11867,347
Nagaland,25/06/2020,12546,355
Nagaland,26/06/2020,13085,371
Nagaland,27/06/2020,14217,387
Odisha,03/04/2020,1395,20
Odisha,07/04/2020,2441,42
Odisha,08/04/2020,2441,42
Odisha,09/04/2020,3249,48
Odisha,10/04/2020,3547,50
Odisha,11/04/2020,3551,51
Odisha,12/04/2020,3862,54
Odisha,13/04/2020,4170,54
Odisha,14/04/2020,4734,56
Odisha,15/04/2020,5537,60
Odisha,16/04/2020,6734,60
Odisha,17/04/2020,7577,60
Odisha,18/04/2020,8619,60
Odisha,19/04/2020,9690,61
Odisha,20/04/2020,10641,68
Odisha,21/04/2020,11748,79
Odisha,22/04/2020,13775,83
Odisha,23/04/2020,15984,89
Odisha,24/04/2020,18458,94
Odisha,25/04/2020,20599,94
Odisha,26/04/2020,22816,103
Odisha,27/04/2020,25103,111
Odisha,28/04/2020,26687,118
Odisha,29/04/2020,29108,122
Odisha,30/04/2020,31696,142
Odisha,01/05/2020,34133,149
Odisha,02/05/2020,36593,157
Odisha,03/05/2020,38658,162
Odisha,04/05/2020,41128,169
Odisha,05/05/2020,44663,170
Odisha,06/05/2020,47454,185
Odisha,07/05/2020,50514,209
Odisha,08/05/2020,52974,271
Odisha,09/05/2020,56322,294
Odisha,10/05/2020,59780,362
Odisha,11/05/2020,63478,414
Odisha,12/05/2020,68057,437
Odisha,13/05/2020,72756,538
Odisha,14/05/2020,77150,611
Odisha,15/05/2020,81919,672
Odisha,16/05/2020,86140,737
Odisha,17/05/2020,91223,828
Odisha,18/05/2020,95766,876
Odisha,19/05/2020,100302,978
Odisha,20/05/2020,105914,1052
Odisha,21/05/2020,108432,1103
Odisha,22/05/2020,113437,1189
Odisha,23/05/2020,118446,1269
Odisha,24/05/2020,123834,1335
Odisha,25/05/2020,127776,1438
Odisha,26/05/2020,131595,1517
Odisha,27/05/2020,136274,1593
Odisha,28/05/2020,139311,1660
Odisha,29/05/2020,143570,1723
Odisha,30/05/2020,147490,1819
Odisha,31/05/2020,152131,1948
Odisha,01/06/2020,155690,2104
Odisha,02/06/2020,159567,2245
Odisha,03/06/2020,162891,2388
Odisha,04/06/2020,165824,2478
Odisha,05/06/2020,169010,2608
Odisha,06/06/2020,172598,2781
Odisha,07/06/2020,176098,2856
Odisha,08/06/2020,179415,2994
Odisha,09/06/2020,182384,3140
Odisha,10/06/2020,185401,3250
Odisha,11/06/2020,188743,3386
Odisha,12/06/2020,192576,3477
Odisha,13/06/2020,196456,3723
Odisha,14/06/2020,200014,3909
Odisha,15/06/2020,202513,4055
Odisha,16/06/2020,205501,4163
Odisha,17/06/2020,208472,4338
Odisha,18/06/2020,212224,4512
Odisha,19/06/2020,216607,4677
Odisha,20/06/2020,219774,4856
Odisha,21/06/2020,224402,5160
Odisha,22/06/2020,227860,5303
Odisha,23/06/2020,231356,5470
Odisha,24/06/2020,235627,5752
Odisha,25/06/2020,239815,5962
Odisha,26/06/2020,244588,6180
Odisha,27/06/2020,249902,6350
Puducherry,18/04/2020,1207,7
Puducherry,19/04/2020,1245,7
Puducherry,20/04/2020,1272,7
Puducherry,21/04/2020,1319,7
Puducherry,22/04/2020,1473,7
Puducherry,23/04/2020,1548,7
Puducherry,24/04/2020,1704,7
Puducherry,25/04/2020,1864,8
Puducherry,26/04/2020,1977,8
Puducherry,27/04/2020,2014,8
Puducherry,28/04/2020,2156,8
Puducherry,29/04/2020,2228,8
Puducherry,30/04/2020,2353,8
Puducherry,01/05/2020,2698,9
Puducherry,02/05/2020,2990,12
Puducherry,03/05/2020,3155,12
Puducherry,04/05/2020,3281,12
Puducherry,05/05/2020,3560,12
Puducherry,06/05/2020,3641,12
Puducherry,07/05/2020,3866,13
Puducherry,08/05/2020,4111,15
Puducherry,09/05/2020,4266,16
Puducherry,10/05/2020,4364,17
Puducherry,11/05/2020,4486,17
Puducherry,13/05/2020,4919,18
Puducherry,14/05/2020,5112,18
Puducherry,15/05/2020,5312,21
Puducherry,16/05/2020,5484,22
Puducherry,17/05/2020,5619,22
Puducherry,18/05/2020,5754,22
Puducherry,19/05/2020,5829,22
Puducherry,20/05/2020,5960,24
Puducherry,21/05/2020,6106,31
Puducherry,22/05/2020,6233,32
Puducherry,23/05/2020,6349,39
Puducherry,24/05/2020,6536,45
Puducherry,25/05/2020,6606,47
Puducherry,26/05/2020,6677,52
Puducherry,27/05/2020,6808,60
Puducherry,28/05/2020,6917,61
Puducherry,29/05/2020,7043,65
Puducherry,30/05/2020,7164,71
Puducherry,31/05/2020,7255,81
Puducherry,01/06/2020,7354,81
Puducherry,02/06/2020,7444,91
Puducherry,03/06/2020,7576,98
Puducherry,04/06/2020,7794,109
Puducherry,05/06/2020,7963,115
Puducherry,06/06/2020,8118,118
Puducherry,07/06/2020,8274,130
Puducherry,08/06/2020,8472,139
Puducherry,09/06/2020,8752,143
Puducherry,10/06/2020,8954,156
Puducherry,11/06/2020,9250,168
Puducherry,12/06/2020,9658,175
Puducherry,13/06/2020,10008,193
Puducherry,14/06/2020,10321,206
Puducherry,15/06/2020,10486,214
Puducherry,16/06/2020,10929,233
Puducherry,17/06/2020,11356,257
Puducherry,18/06/2020,11679,285
Puducherry,19/06/2020,11992,301
Puducherry,20/06/2020,12409,353
Puducherry,21/06/2020,12781,389
Puducherry,22/06/2020,13037,407
Puducherry,23/06/2020,13435,426
Puducherry,24/06/2020,13861,489
Puducherry,25/06/2020,14267,532
Puducherry,26/06/2020,14689,565
Puducherry,27/06/2020,15225,654
Punjab,02/04/2020,1434,37
Punjab,08/04/2020,2937,106
Punjab,09/04/2020,3192,130
Punjab,10/04/2020,3461,151
Punjab,11/04/2020,3909,158
Punjab,12/04/2020,4281,170
Punjab,13/04/2020,4480,176
Punjab,14/04/2020,4844,184
Punjab,15/04/2020,5193,186
Punjab,16/04/2020,5524,197
Punjab,17/04/2020,5988,211
Punjab,18/04/2020,6167,234
Punjab,19/04/2020,6607,244
Punjab,20/04/2020,6797,245
Punjab,21/04/2020,7355,251
Punjab,22/04/2020,7887,257
Punjab,23/04/2020,8757,283
Punjab,24/04/2020,10611,298
Punjab,25/04/2020,13270,308
Punjab,26/04/2020,14317,322
Punjab,27/04/2020,15516,330
Punjab,28/04/2020,17021,342
Punjab,29/04/2020,18670,375
Punjab,30/04/2020,21205,480
Punjab,01/05/2020,23176,585
Punjab,02/05/2020,24868,772
Punjab,03/05/2020,26439,1102
Punjab,04/05/2020,28545,1232
Punjab,05/05/2020,30199,1451
Punjab,06/05/2020,32060,1526
Punjab,07/05/2020,34701,1644
Punjab,08/05/2020,37950,1731
Punjab,09/05/2020,39462,1762
Punjab,10/05/2020,40962,1823
Punjab,11/05/2020,42306,1877
Punjab,12/05/2020,43999,1914
Punjab,13/05/2020,46026,1924
Punjab,14/05/2020,47408,1935
Punjab,15/05/2020,49301,1932
Punjab,16/05/2020,50613,1946
Punjab,17/05/2020,51812,1964
Punjab,18/05/2020,52955,1980
Punjab,19/05/2020,55634,2002
Punjab,20/05/2020,57737,2005
Punjab,21/05/2020,59618,2028
Punjab,22/05/2020,62399,2029
Punjab,23/05/2020,63567,2045
Punjab,24/05/2020,66142,2060
Punjab,25/05/2020,67213,2081
Punjab,26/05/2020,69818,2106
Punjab,27/05/2020,72468,2139
Punjab,28/05/2020,72468,2158
Punjab,29/05/2020,81021,2197
Punjab,30/05/2020,84497,2233
Punjab,31/05/2020,87852,2263
Punjab,01/06/2020,91113,2301
Punjab,02/06/2020,96329,2342
Punjab,03/06/2020,101036,2376
Punjab,04/06/2020,106933,2415
Punjab,05/06/2020,113542,2461
Punjab,06/06/2020,115974,2515
Punjab,07/06/2020,124266,2608
Punjab,08/06/2020,129821,2663
Punjab,09/06/2020,136343,2719
Punjab,10/06/2020,144467,2805
Punjab,11/06/2020,154498,2887
Punjab,12/06/2020,165548,2986
Punjab,13/06/2020,176533,3063
Punjab,14/06/2020,182225,3140
Punjab,15/06/2020,188699,3267
Punjab,16/06/2020,198211,3371
Punjab,17/06/2020,208408,3497
Punjab,18/06/2020,219528,3615
Punjab,19/06/2020,227012,3832
Punjab,20/06/2020,235700,3952
Punjab,21/06/2020,240803,4074
Punjab,22/06/2020,246760,4235
Punjab,23/06/2020,255380,4397
Punjab,24/06/2020,260857,4627
Punjab,25/06/2020,269037,4769
Punjab,26/06/2020,276919,4957
Punjab,27/06/2020,284431,5056
Rajasthan,05/04/2020,12279,260
Rajasthan,07/04/2020,17638,363
Rajasthan,08/04/2020,17638,363
Rajasthan,09/04/2020,19107,463
Rajasthan,10/04/2020,22349,561
Rajasthan,11/04/2020,24857,678
Rajasthan,12/04/2020,28505,796
Rajasthan,13/04/2020,31804,847
Rajasthan,14/04/2020,34928,1005
Rajasthan,15/04/2020,37860,1076
Rajasthan,16/04/2020,40778,1101
Rajasthan,17/04/2020,42847,1229
Rajasthan,18/04/2020,47197,1282
Rajasthan,19/04/2020,51614,1478
Rajasthan,20/04/2020,57290,1576
Rajasthan,21/04/2020,61492,1735
Rajasthan,22/04/2020,66257,1888
Rajasthan,23/04/2020,69764,1964
Rajasthan,24/04/2020,74484,2034
Rajasthan,25/04/2020,78993,2083
Rajasthan,26/04/2020,82942,2185
Rajasthan,27/04/2020,87777,2262
Rajasthan,28/04/2020,92506,2364
Rajasthan,29/04/2020,97790,2438
Rajasthan,30/04/2020,103704,2584
Rajasthan,01/05/2020,108543,2666
Rajasthan,02/05/2020,113934,2720
Rajasthan,03/05/2020,120240,2886
Rajasthan,04/05/2020,129258,3061
Rajasthan,05/05/2020,134987,3158
Rajasthan,06/05/2020,139580,3317
Rajasthan,07/05/2020,145510,3427
Rajasthan,08/05/2020,152245,3579
Rajasthan,09/05/2020,159157,3708
Rajasthan,10/05/2020,166424,3814
Rajasthan,11/05/2020,176130,3988
Rajasthan,12/05/2020,185610,4126
Rajasthan,13/05/2020,194683,4328
Rajasthan,14/05/2020,204243,4534
Rajasthan,15/05/2020,212317,4747
Rajasthan,16/05/2020,221439,4960
Rajasthan,17/05/2020,231946,5202
Rajasthan,18/05/2020,243476,5375
Rajasthan,19/05/2020,254533,5845
Rajasthan,20/05/2020,265555,6015
Rajasthan,21/05/2020,275974,6227
Rajasthan,22/05/2020,287164,6494
Rajasthan,23/05/2020,303935,6657
Rajasthan,24/05/2020,317067,7028
Rajasthan,25/05/2020,327836,7300
Rajasthan,26/05/2020,337159,7536
Rajasthan,27/05/2020,350600,7816
Rajasthan,28/05/2020,365556,8067
Rajasthan,29/05/2020,379315,8365
Rajasthan,30/05/2020,395490,8617
Rajasthan,31/05/2020,409777,8831
Rajasthan,01/06/2020,425184,9100
Rajasthan,02/06/2020,440789,9373
Rajasthan,03/06/2020,454788,9652
Rajasthan,04/06/2020,467129,9862
Rajasthan,05/06/2020,480910,10084
Rajasthan,06/06/2020,494480,10337
Rajasthan,07/06/2020,506784,10599
Rajasthan,08/06/2020,518350,10876
Rajasthan,09/06/2020,530031,11245
Rajasthan,10/06/2020,543312,11600
Rajasthan,11/06/2020,558064,11838
Rajasthan,12/06/2020,571543,12068
Rajasthan,13/06/2020,584954,12401
Rajasthan,14/06/2020,598920,12694
Rajasthan,15/06/2020,609296,12981
Rajasthan,16/06/2020,622334,13216
Rajasthan,17/06/2020,637937,13542
Rajasthan,18/06/2020,654816,13857
Rajasthan,19/06/2020,667643,14156
Rajasthan,20/06/2020,683017,14537
Rajasthan,21/06/2020,699126,14930
Rajasthan,22/06/2020,709592,15232
Rajasthan,23/06/2020,726077,15627
Rajasthan,24/06/2020,740855,16009
Rajasthan,25/06/2020,757137,16296
Rajasthan,26/06/2020,770174,16660
Sikkim,04/05/2020,170,16009
Sikkim,05/05/2020,181,0
Sikkim,06/05/2020,189,0
Sikkim,07/05/2020,216,0
Sikkim,08/05/2020,216,0
Sikkim,09/05/2020,219,0
Sikkim,10/05/2020,219,0
Sikkim,11/05/2020,219,0
Sikkim,12/05/2020,348,0
Sikkim,13/05/2020,439,0
Sikkim,14/05/2020,579,0
Sikkim,15/05/2020,348,0
Sikkim,16/05/2020,840,0
Sikkim,17/05/2020,947,0
Sikkim,18/05/2020,1087,0
Sikkim,19/05/2020,1204,0
Sikkim,20/05/2020,1342,0
Sikkim,22/05/2020,1637,0
Sikkim,23/05/2020,1707,0
Sikkim,24/05/2020,1855,1
Sikkim,25/05/2020,2103,1
Sikkim,26/05/2020,2255,1
Sikkim,27/05/2020,2417,1
Sikkim,28/05/2020,2626,1
Sikkim,29/05/2020,2759,1
Sikkim,30/05/2020,2829,1
Sikkim,31/05/2020,2925,1
Sikkim,01/06/2020,3525,1
Sikkim,02/06/2020,3788,1
Sikkim,03/06/2020,4102,2
Sikkim,04/06/2020,4358,2
Sikkim,05/06/2020,4761,3
Sikkim,06/06/2020,5005,3
Sikkim,08/06/2020,5547,6
Sikkim,09/06/2020,5815,12
Sikkim,10/06/2020,6161,12
Sikkim,11/06/2020,6692,12
Sikkim,12/06/2020,5157,26
Sikkim,13/06/2020,5377,62
Sikkim,14/06/2020,5664,67
Sikkim,15/06/2020,5762,68
Sikkim,16/06/2020,6192,68
Sikkim,17/06/2020,6349,70
Sikkim,19/06/2020,6882,70
Sikkim,20/06/2020,7183,70
Sikkim,21/06/2020,9354,70
Sikkim,22/06/2020,9449,78
Sikkim,23/06/2020,9594,79
Sikkim,24/06/2020,9849,83
Sikkim,25/06/2020,10025,85
Sikkim,26/06/2020,10212,86
Tamil Nadu,03/04/2020,3684,411
Tamil Nadu,08/04/2020,5305,690
Tamil Nadu,09/04/2020,7267,834
Tamil Nadu,10/04/2020,8410,911
Tamil Nadu,11/04/2020,9842,969
Tamil Nadu,12/04/2020,10655,1075
Tamil Nadu,13/04/2020,12746,1173
Tamil Nadu,14/04/2020,19255,1204
Tamil Nadu,15/04/2020,21994,1242
Tamil Nadu,16/04/2020,26005,1267
Tamil Nadu,17/04/2020,29673,1323
Tamil Nadu,18/04/2020,35036,1372
Tamil Nadu,19/04/2020,40876,1477
Tamil Nadu,20/04/2020,46985,1520
Tamil Nadu,21/04/2020,53045,1596
Tamil Nadu,22/04/2020,59023,1629
Tamil Nadu,23/04/2020,65977,1683
Tamil Nadu,24/04/2020,72403,1755
Tamil Nadu,25/04/2020,80110,1821
Tamil Nadu,26/04/2020,87605,1885
Tamil Nadu,27/04/2020,94781,1937
Tamil Nadu,28/04/2020,101874,2058
Tamil Nadu,29/04/2020,109961,2162
Tamil Nadu,30/04/2020,119748,2323
Tamil Nadu,01/05/2020,129363,2526
Tamil Nadu,02/05/2020,139490,2757
Tamil Nadu,03/05/2020,150107,3023
Tamil Nadu,04/05/2020,162970,3550
Tamil Nadu,05/05/2020,174828,4058
Tamil Nadu,06/05/2020,188241,4829
Tamil Nadu,07/05/2020,202436,5409
Tamil Nadu,08/05/2020,216416,6009
Tamil Nadu,09/05/2020,229670,6535
Tamil Nadu,10/05/2020,243037,7204
Tamil Nadu,11/05/2020,254899,8002
Tamil Nadu,12/05/2020,266687,8718
Tamil Nadu,13/05/2020,279467,9227
Tamil Nadu,14/05/2020,291432,9674
Tamil Nadu,15/05/2020,303104,10108
Tamil Nadu,16/05/2020,313639,10585
Tamil Nadu,17/05/2020,326720,11224
Tamil Nadu,18/05/2020,337841,11760
Tamil Nadu,19/05/2020,348174,12448
Tamil Nadu,20/05/2020,360068,13191
Tamil Nadu,21/05/2020,372532,13967
Tamil Nadu,22/05/2020,385185,14735
Tamil Nadu,23/05/2020,397340,15512
Tamil Nadu,24/05/2020,409615,16277
Tamil Nadu,25/05/2020,421450,17082
Tamil Nadu,26/05/2020,431739,17728
Tamil Nadu,27/05/2020,442970,18545
Tamil Nadu,28/05/2020,455216,19372
Tamil Nadu,29/05/2020,466550,20246
Tamil Nadu,30/05/2020,479155,21184
Tamil Nadu,31/05/2020,491962,22333
Tamil Nadu,01/06/2020,503339,23495
Tamil Nadu,02/06/2020,514433,24586
Tamil Nadu,03/06/2020,528534,25872
Tamil Nadu,04/06/2020,544981,27256
Tamil Nadu,05/06/2020,560673,28694
Tamil Nadu,06/06/2020,576695,30152
Tamil Nadu,07/06/2020,592970,31667
Tamil Nadu,08/06/2020,607952,33229
Tamil Nadu,09/06/2020,621171,34914
Tamil Nadu,10/06/2020,638846,36841
Tamil Nadu,11/06/2020,655675,38716
Tamil Nadu,12/06/2020,673906,40698
Tamil Nadu,13/06/2020,691817,42687
Tamil Nadu,14/06/2020,710599,44661
Tamil Nadu,15/06/2020,729002,46504
Tamil Nadu,16/06/2020,748244,48019
Tamil Nadu,17/06/2020,773707,50193
Tamil Nadu,18/06/2020,800443,52334
Tamil Nadu,19/06/2020,827980,54449
Tamil Nadu,20/06/2020,861211,56845
Tamil Nadu,21/06/2020,892612,59377
Tamil Nadu,22/06/2020,919204,62087
Tamil Nadu,23/06/2020,944352,64603
Tamil Nadu,24/06/2020,976431,67468
Tamil Nadu,25/06/2020,1008974,70977
Tamil Nadu,26/06/2020,1042649,74622
Tamil Nadu,27/06/2020,1077454,78335
Telangana,19/04/2020,14962,858
Telangana,28/04/2020,19063,1009
Telangana,29/04/2020,19278,1016
Telangana,16/05/2020,23388,1551
Telangana,16/06/2020,44431,5406
Telangana,17/06/2020,45911,5675
Telangana,19/06/2020,50569,6526
Telangana,20/06/2020,53757,7072
Telangana,21/06/2020,57054,7802
Telangana,22/06/2020,60243,8674
Telangana,23/06/2020,63249,9553
Telangana,24/06/2020,67318,10444
Telangana,25/06/2020,70934,11364
Telangana,26/06/2020,75308,12349
Tripura,11/04/2020,337,2
Tripura,15/04/2020,738,2
Tripura,16/04/2020,762,2
Tripura,21/04/2020,2604,2
Tripura,22/04/2020,3215,2
Tripura,01/05/2020,4828,3
Tripura,02/05/2020,4955,5
Tripura,03/05/2020,5162,5
Tripura,04/05/2020,5394,17
Tripura,05/05/2020,5850,30
Tripura,06/05/2020,6228,43
Tripura,07/05/2020,6917,89
Tripura,08/05/2020,7448,89
Tripura,09/05/2020,8340,119
Tripura,10/05/2020,9091,136
Tripura,11/05/2020,9596,154
Tripura,12/05/2020,10344,155
Tripura,13/05/2020,11146,155
Tripura,14/05/2020,11804,156
Tripura,15/05/2020,12561,156
Tripura,16/05/2020,13178,167
Tripura,17/05/2020,13750,167
Tripura,18/05/2020,14286,167
Tripura,19/05/2020,15083,169
Tripura,20/05/2020,15822,173
Tripura,21/05/2020,16873,173
Tripura,22/05/2020,17721,175
Tripura,23/05/2020,18737,191
Tripura,24/05/2020,19278,191
Tripura,25/05/2020,20871,198
Tripura,26/05/2020,22049,209
Tripura,27/05/2020,23264,232
Tripura,28/05/2020,24126,242
Tripura,29/05/2020,25403,244
Tripura,30/05/2020,26376,271
Tripura,31/05/2020,27475,316
Tripura,01/06/2020,28360,423
Tripura,02/06/2020,29066,471
Tripura,03/06/2020,30481,622
Tripura,04/06/2020,31138,646
Tripura,05/06/2020,32300,694
Tripura,06/06/2020,33331,749
Tripura,07/06/2020,35263,802
Tripura,08/06/2020,37453,840
Tripura,09/06/2020,38572,866
Tripura,10/06/2020,40027,897
Tripura,11/06/2020,41389,915
Tripura,12/06/2020,40837,960
Tripura,13/06/2020,43972,1042
Tripura,14/06/2020,46015,1075
Tripura,15/06/2020,47683,1084
Tripura,16/06/2020,49208,1090
Tripura,17/06/2020,50268,1133
Tripura,18/06/2020,51495,1154
Tripura,19/06/2020,52752,1181
Tripura,20/06/2020,53905,1189
Tripura,21/06/2020,54983,1224
Tripura,22/06/2020,56035,1240
Tripura,23/06/2020,56901,1263
Tripura,24/06/2020,57753,1263
Tripura,25/06/2020,59025,1295
Tripura,26/06/2020,60199,1330
Uttar Pradesh,05/04/2020,5255,278
Uttar Pradesh,05/04/2020,5255,278
Uttar Pradesh,09/04/2020,8402,410
Uttar Pradesh,10/04/2020,9332,433
Uttar Pradesh,11/04/2020,10595,452
Uttar Pradesh,12/04/2020,11855,483
Uttar Pradesh,13/04/2020,13287,558
Uttar Pradesh,14/04/2020,15914,660
Uttar Pradesh,15/04/2020,19506,727
Uttar Pradesh,16/04/2020,21384,805
Uttar Pradesh,17/04/2020,24643,849
Uttar Pradesh,18/04/2020,28484,974
Uttar Pradesh,19/04/2020,31767,1100
Uttar Pradesh,20/04/2020,34326,1184
Uttar Pradesh,21/04/2020,37933,1337
Uttar Pradesh,22/04/2020,42192,1449
Uttar Pradesh,23/04/2020,45483,1510
Uttar Pradesh,24/04/2020,53166,1621
Uttar Pradesh,25/04/2020,56851,1793
Uttar Pradesh,26/04/2020,61799,1873
Uttar Pradesh,27/04/2020,67145,1896
Uttar Pradesh,28/04/2020,70307,2053
Uttar Pradesh,29/04/2020,73716,2134
Uttar Pradesh,30/04/2020,78013,2211
Uttar Pradesh,01/05/2020,82459,2328
Uttar Pradesh,02/05/2020,85729,2487
Uttar Pradesh,03/05/2020,95841,2645
Uttar Pradesh,04/05/2020,98300,2766
Uttar Pradesh,05/05/2020,105234,2880
Uttar Pradesh,06/05/2020,109888,2998
Uttar Pradesh,07/05/2020,113670,3071
Uttar Pradesh,08/05/2020,119688,3214
Uttar Pradesh,09/05/2020,124791,3373
Uttar Pradesh,10/05/2020,129955,3467
Uttar Pradesh,11/05/2020,135760,3573
Uttar Pradesh,12/05/2020,140166,3664
Uttar Pradesh,13/05/2020,145637,3578
Uttar Pradesh,14/05/2020,153139,3902
Uttar Pradesh,15/05/2020,159282,4057
Uttar Pradesh,16/05/2020,163105,4258
Uttar Pradesh,17/05/2020,172219,4464
Uttar Pradesh,18/05/2020,176479,4605
Uttar Pradesh,19/05/2020,182184,4926
Uttar Pradesh,20/05/2020,191164,5175
Uttar Pradesh,21/05/2020,206811,5515
Uttar Pradesh,22/05/2020,214060,5735
Uttar Pradesh,23/05/2020,217867,6017
Uttar Pradesh,24/05/2020,229621,6268
Uttar Pradesh,25/05/2020,235622,6497
Uttar Pradesh,26/05/2020,240588,6724
Uttar Pradesh,27/05/2020,240588,6991
Uttar Pradesh,28/05/2020,256267,7170
Uttar Pradesh,29/05/2020,270920,7445
Uttar Pradesh,30/05/2020,279288,7701
Uttar Pradesh,31/05/2020,289892,8075
Uttar Pradesh,01/06/2020,297903,8361
Uttar Pradesh,02/06/2020,307621,8729
Uttar Pradesh,03/06/2020,317780,8870
Uttar Pradesh,04/06/2020,330663,9237
Uttar Pradesh,05/06/2020,344717,9733
Uttar Pradesh,06/06/2020,355085,10103
Uttar Pradesh,07/06/2020,360258,10536
Uttar Pradesh,08/06/2020,380723,10947
Uttar Pradesh,09/06/2020,391286,11335
Uttar Pradesh,10/06/2020,404637,11610
Uttar Pradesh,11/06/2020,420669,12088
Uttar Pradesh,12/06/2020,435601,12619
Uttar Pradesh,13/06/2020,449616,13118
Uttar Pradesh,14/06/2020,467702,13615
Uttar Pradesh,15/06/2020,466081,14091
Uttar Pradesh,16/06/2020,480047,14598
Uttar Pradesh,17/06/2020,496206,15181
Uttar Pradesh,18/06/2020,515280,15785
Uttar Pradesh,19/06/2020,532505,16594
Uttar Pradesh,20/06/2020,542972,17135
Uttar Pradesh,21/06/2020,560697,17731
Uttar Pradesh,22/06/2020,574304,18322
Uttar Pradesh,23/06/2020,588186,18893
Uttar Pradesh,24/06/2020,603390,19557
Uttar Pradesh,25/06/2020,620954,20193
Uttar Pradesh,26/06/2020,642833,20943
Uttar Pradesh,27/06/2020,663096,21549
Uttarakhand,02/04/2020,678,7
Uttarakhand,07/04/2020,1289,32
Uttarakhand,09/04/2020,1531,35
Uttarakhand,10/04/2020,1688,35
Uttarakhand,11/04/2020,1705,35
Uttarakhand,12/04/2020,1820,35
Uttarakhand,13/04/2020,1998,35
Uttarakhand,14/04/2020,2174,35
Uttarakhand,15/04/2020,2413,37
Uttarakhand,16/04/2020,2593,37
Uttarakhand,17/04/2020,2831,40
Uttarakhand,18/04/2020,3158,42
Uttarakhand,19/04/2020,3344,44
Uttarakhand,20/04/2020,3677,46
Uttarakhand,21/04/2020,4061,46
Uttarakhand,22/04/2020,4275,46
Uttarakhand,23/04/2020,4473,47
Uttarakhand,24/04/2020,4767,48
Uttarakhand,25/04/2020,5194,48
Uttarakhand,26/04/2020,5277,50
Uttarakhand,27/04/2020,5463,51
Uttarakhand,28/04/2020,5739,52
Uttarakhand,29/04/2020,6046,54
Uttarakhand,30/04/2020,6565,57
Uttarakhand,01/05/2020,7042,57
Uttarakhand,02/05/2020,7369,59
Uttarakhand,03/05/2020,7578,60
Uttarakhand,04/05/2020,7806,60
Uttarakhand,05/05/2020,8060,61
Uttarakhand,06/05/2020,8346,61
Uttarakhand,07/05/2020,8783,61
Uttarakhand,08/05/2020,9116,61
Uttarakhand,09/05/2020,9386,67
Uttarakhand,10/05/2020,9668,68
Uttarakhand,11/05/2020,9915,68
Uttarakhand,12/05/2020,10471,68
Uttarakhand,13/05/2020,10792,70
Uttarakhand,14/05/2020,11294,75
Uttarakhand,15/05/2020,12045,79
Uttarakhand,16/05/2020,12597,88
Uttarakhand,17/05/2020,13212,92
Uttarakhand,18/05/2020,13870,93
Uttarakhand,19/05/2020,14691,104
Uttarakhand,20/05/2020,15503,120
Uttarakhand,21/05/2020,16528,132
Uttarakhand,22/05/2020,18008,151
Uttarakhand,23/05/2020,19248,173
Uttarakhand,24/05/2020,20969,293
Uttarakhand,25/05/2020,22117,332
Uttarakhand,26/05/2020,23076,400
Uttarakhand,27/05/2020,23975,438
Uttarakhand,28/05/2020,25380,493
Uttarakhand,29/05/2020,26951,602
Uttarakhand,30/05/2020,28433,727
Uttarakhand,31/05/2020,30438,802
Uttarakhand,01/06/2020,31703,929
Uttarakhand,02/06/2020,33081,999
Uttarakhand,03/06/2020,34413,1066
Uttarakhand,04/06/2020,35117,1145
Uttarakhand,05/06/2020,35967,1215
Uttarakhand,06/06/2020,36638,1245
Uttarakhand,07/06/2020,37166,1341
Uttarakhand,08/06/2020,39133,1380
Uttarakhand,09/06/2020,40264,1488
Uttarakhand,10/06/2020,40872,1560
Uttarakhand,11/06/2020,41888,1637
Uttarakhand,12/06/2020,42783,1692
Uttarakhand,13/06/2020,44040,1759
Uttarakhand,14/06/2020,45344,1816
Uttarakhand,15/06/2020,46573,1836
Uttarakhand,16/06/2020,47870,1912
Uttarakhand,17/06/2020,49462,1985
Uttarakhand,18/06/2020,50796,2079
Uttarakhand,19/06/2020,53155,2127
Uttarakhand,20/06/2020,54512,2278
Uttarakhand,21/06/2020,55819,2324
Uttarakhand,22/06/2020,56724,2401
Uttarakhand,23/06/2020,58338,2505
Uttarakhand,24/06/2020,59616,2568
Uttarakhand,25/06/2020,61165,2642
Uttarakhand,26/06/2020,62500,2725
Uttarakhand,27/06/2020,63960,2791
West Bengal,01/04/2020,659,37
West Bengal,04/04/2020,1042,
West Bengal,06/04/2020,1301,
West Bengal,07/04/2020,1487,
West Bengal,09/04/2020,1889,
West Bengal,10/04/2020,2095,
West Bengal,11/04/2020,2286,126
West Bengal,12/04/2020,2523,134
West Bengal,13/04/2020,2793,152
West Bengal,14/04/2020,3081,190
West Bengal,15/04/2020,3470,213
West Bengal,16/04/2020,3811,231
West Bengal,17/04/2020,4212,255
West Bengal,18/04/2020,4630,287
West Bengal,19/04/2020,5045,310
West Bengal,20/04/2020,5469,339
West Bengal,21/04/2020,6182,392
West Bengal,22/04/2020,7037,423
West Bengal,23/04/2020,7990,456
West Bengal,24/04/2020,8933,514
West Bengal,25/04/2020,9880,571
West Bengal,26/04/2020,10893,611
West Bengal,27/04/2020,12043,649
West Bengal,28/04/2020,13223,697
West Bengal,29/04/2020,14620,725
West Bengal,30/04/2020,16525,758
West Bengal,01/05/2020,18566,
West Bengal,02/05/2020,20976,795
West Bengal,03/05/2020,22915,922
West Bengal,04/05/2020,25116,1259
West Bengal,05/05/2020,27571,1344
West Bengal,06/05/2020,30141,1456
West Bengal,07/05/2020,32752,1548
West Bengal,08/05/2020,35767,1678
West Bengal,09/05/2020,39368,1786
West Bengal,10/05/2020,43414,1939
West Bengal,11/05/2020,47615,2063
West Bengal,12/05/2020,52622,2173
West Bengal,13/05/2020,57632,2290
West Bengal,14/05/2020,62837,2377
West Bengal,15/05/2020,69543,2461
West Bengal,16/05/2020,77288,2576
West Bengal,17/05/2020,85956,2677
West Bengal,18/05/2020,93570,2825
West Bengal,19/05/2020,102282,2961
West Bengal,20/05/2020,111002,3103
West Bengal,21/05/2020,115244,3197
West Bengal,22/05/2020,120599,3332
West Bengal,23/05/2020,129608,3459
West Bengal,24/05/2020,138824,3667
West Bengal,25/05/2020,148049,3816
West Bengal,26/05/2020,157277,4009
West Bengal,27/05/2020,166513,4192
West Bengal,28/05/2020,175769,4536
West Bengal,29/05/2020,185051,4813
West Bengal,30/05/2020,194397,5130
West Bengal,31/05/2020,203751,5501
West Bengal,01/06/2020,213231,5772
West Bengal,02/06/2020,222726,6168
West Bengal,03/06/2020,232225,6508
West Bengal,04/06/2020,241831,6876
West Bengal,05/06/2020,251517,7303
West Bengal,06/06/2020,261288,7738
West Bengal,07/06/2020,271074,8187
West Bengal,08/06/2020,280098,8613
West Bengal,09/06/2020,287900,8985
West Bengal,10/06/2020,297419,9328
West Bengal,11/06/2020,306941,9768
West Bengal,12/06/2020,315699,10244
West Bengal,13/06/2020,324707,10698
West Bengal,14/06/2020,333733,11087
West Bengal,15/06/2020,343242,11494
West Bengal,16/06/2020,351754,11909
West Bengal,17/06/2020,360976,12300
West Bengal,18/06/2020,370291,12735
West Bengal,19/06/2020,380612,13090
West Bengal,20/06/2020,390942,13531
West Bengal,21/06/2020,401491,13945
West Bengal,22/06/2020,410854,14358
West Bengal,23/06/2020,420277,14728
West Bengal,24/06/2020,429766,15173
West Bengal,25/06/2020,439258,15648
West Bengal,26/06/2020,448795,16190
West Bengal,27/06/2020,458343,16711
